commit_sha,refactoring_type,instance_count,is_self_affirmed
007bd77cb0354119d6b3ef2d945f546bc87e4c27,Modify Method Annotation,8,True
007bd77cb0354119d6b3ef2d945f546bc87e4c27,Rename Attribute,1,True
007bd77cb0354119d6b3ef2d945f546bc87e4c27,Rename Parameter,1,True
00a0b88fc0ce494fe41ddd2d324765541f600b2c,Extract Variable,1,True
00c2580162a7758312577c2846e8fd3d227c0a00,Invert Condition,2,True
01cda23c3d4dfc67687c97518cffa24886bd9158,Add Parameter,2,True
0207905ccea44ad0abfa791749611fc7927578df,Add Parameter,1,True
0207905ccea44ad0abfa791749611fc7927578df,Modify Class Annotation,1,True
0207905ccea44ad0abfa791749611fc7927578df,Modify Method Annotation,1,True
026e0baa0b67e44cc2b8167d895d3991de77663c,Change Parameter Type,1,True
026e0baa0b67e44cc2b8167d895d3991de77663c,Change Variable Type,4,True
026e0baa0b67e44cc2b8167d895d3991de77663c,Remove Method Annotation,2,True
026e0baa0b67e44cc2b8167d895d3991de77663c,Rename Parameter,1,True
02f8ea54f0fb8efd1267865ccd0eed00446c760a,Extract Variable,1,True
0318b8f7439a575711c389079d58d53cf8d7d64a,Extract Variable,1,True
032263c13a3ae6136c13e38dd158ec51573b1ecb,Change Attribute Type,5,True
032263c13a3ae6136c13e38dd158ec51573b1ecb,Change Parameter Type,3,True
032263c13a3ae6136c13e38dd158ec51573b1ecb,Change Return Type,2,True
032263c13a3ae6136c13e38dd158ec51573b1ecb,Change Variable Type,39,True
032263c13a3ae6136c13e38dd158ec51573b1ecb,Rename Class,43,True
03fc488be99d332af7460023e3339a7270d974c6,Add Class Annotation,2,True
03fc488be99d332af7460023e3339a7270d974c6,Modify Method Annotation,2,True
03fc488be99d332af7460023e3339a7270d974c6,Rename Attribute,2,True
03fc488be99d332af7460023e3339a7270d974c6,Rename Method,2,True
03fc488be99d332af7460023e3339a7270d974c6,Rename Parameter,2,True
046b559c8551a15c143f76ca14756a003b5be810,Add Class Annotation,1,True
048714e11723c39816b0d183f70e538c85d73cc4,Change Attribute Access Modifier,1,True
048714e11723c39816b0d183f70e538c85d73cc4,Extract Method,2,True
04eb96b1cb251a33168fb78936b57e9167701722,Add Parameter,1,True
04eb96b1cb251a33168fb78936b57e9167701722,Rename Parameter,1,True
04fb4648f9a1f40cfff4ddeb66b47d91a36d9dd2,Add Class Modifier,1,True
04fb4648f9a1f40cfff4ddeb66b47d91a36d9dd2,Add Parameter,1,True
04fb4648f9a1f40cfff4ddeb66b47d91a36d9dd2,Change Attribute Type,1,True
04fb4648f9a1f40cfff4ddeb66b47d91a36d9dd2,Extract Variable,2,True
05330118f39f92759de9dfc401a9dab7afa72494,Extract Method,1,True
05330118f39f92759de9dfc401a9dab7afa72494,Replace Variable With Attribute,1,True
054074fc3385fb373ea5801db81ce1719dacef43,Change Attribute Access Modifier,1,True
054074fc3385fb373ea5801db81ce1719dacef43,Encapsulate Attribute,1,True
054074fc3385fb373ea5801db81ce1719dacef43,Move Class,1,True
054074fc3385fb373ea5801db81ce1719dacef43,Move Code,1,True
054074fc3385fb373ea5801db81ce1719dacef43,Remove Attribute Modifier,1,True
054074fc3385fb373ea5801db81ce1719dacef43,Rename Attribute,1,True
05c30328ddb7529cfcdd92839a75323d3f66e506,Change Variable Type,1,True
05c30328ddb7529cfcdd92839a75323d3f66e506,Rename Variable,1,True
05c89536f7a84fe73e898a33096d747631fe7826,Rename Attribute,10,True
05c89536f7a84fe73e898a33096d747631fe7826,Rename Parameter,13,True
05c89536f7a84fe73e898a33096d747631fe7826,Rename Variable,10,True
0607fed10c0d5e7b36f5bb58a40000f0a0dadfda,Change Return Type,1,True
0607fed10c0d5e7b36f5bb58a40000f0a0dadfda,Change Variable Type,6,True
0607fed10c0d5e7b36f5bb58a40000f0a0dadfda,Extract Method,11,True
0607fed10c0d5e7b36f5bb58a40000f0a0dadfda,Extract Variable,2,True
071ae95bca8921291547bc68396895c2ebc917f4,Add Class Annotation,1,True
071ae95bca8921291547bc68396895c2ebc917f4,Add Method Annotation,1,True
07d3da40d17cd7ea92db2916f7e19a1a2febac72,Extract Variable,2,True
0814464e1629628889aa242e7fe0ad925c12c4d7,Add Class Annotation,1,True
0814464e1629628889aa242e7fe0ad925c12c4d7,Change Attribute Type,1,True
0814464e1629628889aa242e7fe0ad925c12c4d7,Modify Class Annotation,1,True
0814464e1629628889aa242e7fe0ad925c12c4d7,Move And Rename Class,2,True
0814464e1629628889aa242e7fe0ad925c12c4d7,Remove Parameter,1,True
0814464e1629628889aa242e7fe0ad925c12c4d7,Rename Attribute,1,True
0882a72f4f22edabf8ecb912006a4e4751b2af26,Change Return Type,1,True
0939fb70e5b32fa26f6132162bc70a48da772996,Rename Variable,1,True
0a08da98fe97b4722834bbf9663f94e68274d415,Add Thrown Exception Type,1,True
0a08da98fe97b4722834bbf9663f94e68274d415,Change Variable Type,2,True
0a25418d62f121b202a98aac9dcc6efe14c72efe,Add Class Annotation,1,True
0a5867b9d35dbb7de981f1478b7553468ce07fa9,Rename Method,8,True
0ad5171f25e62c95be4f584a023badff43df508a,Change Attribute Type,1,True
0ad5171f25e62c95be4f584a023badff43df508a,Rename Class,1,True
0af6b79fcade36d986261f84ad28ad2634589eeb,Rename Method,1,True
0b3787d6adc3c72a708bdad7b766a61e6323b2bb,Change Attribute Type,5,True
0b3787d6adc3c72a708bdad7b766a61e6323b2bb,Change Parameter Type,3,True
0b3787d6adc3c72a708bdad7b766a61e6323b2bb,Change Return Type,2,True
0b3787d6adc3c72a708bdad7b766a61e6323b2bb,Change Variable Type,39,True
0b3787d6adc3c72a708bdad7b766a61e6323b2bb,Rename Class,44,True
0b7540a1dd2ce48be55002e4dbf10bd986c4c011,Change Parameter Type,1,True
0b7540a1dd2ce48be55002e4dbf10bd986c4c011,Change Return Type,1,True
0b7540a1dd2ce48be55002e4dbf10bd986c4c011,Change Variable Type,2,True
0bbd7109ecd924f85b2ef59b1e397c149a62f1a8,Rename Variable,1,True
0c0cd6d658b3dce39de2e54b05a4a389dc980bfd,Rename Method,1,True
0c11ab52a4f2de561361695a979314b6b34000f3,Add Method Modifier,1,True
0c11ab52a4f2de561361695a979314b6b34000f3,Rename Method,1,True
0c1d0e91e95828c3db54225a270c16c19faa2d6d,Remove Class Annotation,1,True
0c1e29bd21b13c2cc5dff113c48981595b0095b2,Rename Attribute,29,True
0c1e29bd21b13c2cc5dff113c48981595b0095b2,Rename Parameter,5,True
0c1e29bd21b13c2cc5dff113c48981595b0095b2,Rename Variable,2,True
0c39d07f1d847d17cf924cf7a8b41c9c2009eb0c,Inline Variable,1,True
0c43d77ed315d46d34eb43add654adf8977148da,Change Attribute Type,1,True
0c9c7cf77038a0031f84a7cb74cd83c7a11f5d98,Rename Parameter,16,True
0d27f23ebf2a3fb927fb2df8dd02bb6de008b3b7,Rename Attribute,1,True
0d27f23ebf2a3fb927fb2df8dd02bb6de008b3b7,Rename Method,6,True
0d27f23ebf2a3fb927fb2df8dd02bb6de008b3b7,Rename Parameter,7,True
0d27f23ebf2a3fb927fb2df8dd02bb6de008b3b7,Rename Variable,32,True
0d2f17c9a7eb90334ec57a248fc26ed6ea7eb5ef,Extract Variable,1,True
0d2f17c9a7eb90334ec57a248fc26ed6ea7eb5ef,Inline Method,1,True
0dd38965d624b3dc4adb8004651124fc6143991b,Change Class Access Modifier,13,True
0dd38965d624b3dc4adb8004651124fc6143991b,Change Method Access Modifier,18,True
0e1a6438d8df674f6d419ad106f92f744a2cdbbb,Change Variable Type,1,True
0e1a6438d8df674f6d419ad106f92f744a2cdbbb,Rename Variable,1,True
0e1f8ccd3c2f37cbac1e2a75824333fd0322bd1d,Rename Method,8,True
0e1f8ccd3c2f37cbac1e2a75824333fd0322bd1d,Rename Parameter,15,True
0e96be8e11654833c702cf0b50cfced1f21cd379,Extract Variable,1,True
0ea6f3032cb90cbb0198479ce2b8fe39fb912900,Change Variable Type,2,True
0ec3bb4974520b2c8f76b4b01ea233b981762273,Add Class Annotation,1,True
0ec3bb4974520b2c8f76b4b01ea233b981762273,Remove Attribute Modifier,2,True
0ec3bb4974520b2c8f76b4b01ea233b981762273,Remove Class Annotation,1,True
0f522dfadda82fcf96527a8c8ae1eb183334cfeb,Add Method Modifier,4,True
0f522dfadda82fcf96527a8c8ae1eb183334cfeb,Change Variable Type,2,True
0f522dfadda82fcf96527a8c8ae1eb183334cfeb,Extract Variable,1,True
0f6adce24620499d9427d175c4a2473496afb73b,Change Variable Type,1,True
0f6adce24620499d9427d175c4a2473496afb73b,Rename Method,2,True
10064a2de8e161a653e664903e526964f45017f2,Remove Class Annotation,1,True
1087e91d25782c674fe20341c02966e5030e420a,Extract Variable,1,True
1087e91d25782c674fe20341c02966e5030e420a,Split Conditional,1,True
11042ea1d8f7e152f5265fff6be2bb72fcbe2a5d,Add Method Annotation,3,True
117a9f7d7e2429f78e278b423428a46710fe62af,Add Attribute Annotation,23,True
117a9f7d7e2429f78e278b423428a46710fe62af,Add Attribute Modifier,11,True
117a9f7d7e2429f78e278b423428a46710fe62af,Add Method Annotation,8,True
117a9f7d7e2429f78e278b423428a46710fe62af,Add Parameter,2,True
117a9f7d7e2429f78e278b423428a46710fe62af,Change Attribute Access Modifier,28,True
117a9f7d7e2429f78e278b423428a46710fe62af,Change Attribute Type,23,True
117a9f7d7e2429f78e278b423428a46710fe62af,Change Class Access Modifier,11,True
117a9f7d7e2429f78e278b423428a46710fe62af,Change Method Access Modifier,115,True
117a9f7d7e2429f78e278b423428a46710fe62af,Change Return Type,4,True
117a9f7d7e2429f78e278b423428a46710fe62af,Remove Attribute Annotation,23,True
117a9f7d7e2429f78e278b423428a46710fe62af,Remove Attribute Modifier,11,True
117a9f7d7e2429f78e278b423428a46710fe62af,Remove Method Annotation,8,True
117a9f7d7e2429f78e278b423428a46710fe62af,Rename Class,1,True
117a9f7d7e2429f78e278b423428a46710fe62af,Rename Method,2,True
1185b4ebaeac1569d6c254cb4d45095a31c49550,Add Parameter,1,True
1185b4ebaeac1569d6c254cb4d45095a31c49550,Extract Variable,3,True
1185b4ebaeac1569d6c254cb4d45095a31c49550,Rename Variable,2,True
1185b4ebaeac1569d6c254cb4d45095a31c49550,Replace Conditional With Ternary,2,True
11b16ebaafeb53d5ad2f7686c991cc01be7bfce3,Add Parameter,1,True
11b16ebaafeb53d5ad2f7686c991cc01be7bfce3,Change Attribute Type,1,True
11b16ebaafeb53d5ad2f7686c991cc01be7bfce3,Localize Parameter,1,True
11b16ebaafeb53d5ad2f7686c991cc01be7bfce3,Move Code,1,True
11b16ebaafeb53d5ad2f7686c991cc01be7bfce3,Rename Attribute,1,True
1248afe23137fc85932405a05a4577d348817ff7,Extract Variable,1,True
1248afe23137fc85932405a05a4577d348817ff7,Rename Variable,1,True
1362724de33217f62e9fe674f9955e9afcdc3653,Rename Attribute,1,True
1362724de33217f62e9fe674f9955e9afcdc3653,Rename Method,15,True
1366676ac3d6136867e15cdd096b28fde45b4cb4,Rename Parameter,3,True
144d06b2f0ad9708c19b89112b6f05d38a9a83d6,Add Attribute Modifier,3,True
144d06b2f0ad9708c19b89112b6f05d38a9a83d6,Remove Attribute Annotation,3,True
148803a6e9ab52f19a2b5e8aa3c7a7751f519cdc,Change Attribute Type,2,True
148803a6e9ab52f19a2b5e8aa3c7a7751f519cdc,Rename Attribute,30,True
148803a6e9ab52f19a2b5e8aa3c7a7751f519cdc,Rename Class,2,True
148803a6e9ab52f19a2b5e8aa3c7a7751f519cdc,Rename Method,9,True
148803a6e9ab52f19a2b5e8aa3c7a7751f519cdc,Rename Parameter,10,True
1542bb02e6470657d547629acbef4ca323afb640,Parameterize Variable,1,True
1581949d09e03a4a67738baf2320c686bc34b5d3,Remove Parameter,2,True
15e714c72ad2f8bbd033780743ac62c1f023d12d,Rename Method,8,True
15f5a28f7cbe263f642b743038117b005b72d1b7,Extract Variable,1,True
161028be29b55f259df21253715c8834866f32ee,Move Class,3,True
162e34a9cd8ae6e8f3808c39e6d41cbd465b9dfd,Add Parameter,2,True
162e34a9cd8ae6e8f3808c39e6d41cbd465b9dfd,Change Method Access Modifier,1,True
162e34a9cd8ae6e8f3808c39e6d41cbd465b9dfd,Change Variable Type,2,True
1699f6c41f61d41a1c9fd8f9aa0a1d9b24b1e4a8,Rename Parameter,31,True
176d0afab92afdd3345a6c7368da19556b454c87,Pull Up Attribute,1,True
176d0afab92afdd3345a6c7368da19556b454c87,Pull Up Method,2,True
176d0afab92afdd3345a6c7368da19556b454c87,Replace Conditional With Ternary,2,True
1833ad063f432e461cbc6d8ef07fc2518b8df4d8,Add Parameter,1,True
1833ad063f432e461cbc6d8ef07fc2518b8df4d8,Remove Parameter,1,True
190867dc953abb8a42870ca1f346219120336598,Add Class Annotation,2,True
190867dc953abb8a42870ca1f346219120336598,Rename Method,1,True
1a0eda8832167c414d6270fea3b6df2ebc2228a9,Add Thrown Exception Type,3,True
1a0eda8832167c414d6270fea3b6df2ebc2228a9,Change Thrown Exception Type,3,True
1a0eda8832167c414d6270fea3b6df2ebc2228a9,Change Variable Type,1,True
1a0eda8832167c414d6270fea3b6df2ebc2228a9,Extract Method,1,True
1a0eda8832167c414d6270fea3b6df2ebc2228a9,Rename Variable,5,True
1a3da91a50cc66bbda1d2c50772d28d8fec71b0d,Add Parameter,2,True
1ccc2d3eedb9b725d4eb9b632c06a05d53b4849f,Try With Resources,1,True
1db67ee679e8477280549992a06950c81deacec8,Change Attribute Access Modifier,1,True
1db67ee679e8477280549992a06950c81deacec8,Change Attribute Type,1,True
1db67ee679e8477280549992a06950c81deacec8,Rename Attribute,132,True
1e31efcbb0a311cd82c81642a52b8ff2f9d7e9c2,Encapsulate Attribute,1,True
1e92efd475c4386ca04e44c50b98958306b16720,Change Method Access Modifier,1,True
1e92efd475c4386ca04e44c50b98958306b16720,Extract Class,1,True
1e92efd475c4386ca04e44c50b98958306b16720,Move Method,2,True
1e92efd475c4386ca04e44c50b98958306b16720,Replace Conditional With Ternary,1,True
1ea9c86e2234aec9adbbddc76ee8710fa2808793,Change Class Access Modifier,1,True
1f93750c441ab6e164b4a65059336fa56d3ee616,Remove Parameter,3,True
1fe8fdd936ef0f2e947569490a946c3f4260b806,Extract Method,1,True
20aa562b8d14fa22967f4846569af5fe2de7f564,Add Method Annotation,4,True
20aa562b8d14fa22967f4846569af5fe2de7f564,Add Method Modifier,2,True
20aa562b8d14fa22967f4846569af5fe2de7f564,Add Parameter Annotation,9,True
20aa562b8d14fa22967f4846569af5fe2de7f564,Change Attribute Type,3,True
20aa562b8d14fa22967f4846569af5fe2de7f564,Change Method Access Modifier,2,True
20aa562b8d14fa22967f4846569af5fe2de7f564,Change Parameter Type,5,True
20aa562b8d14fa22967f4846569af5fe2de7f564,Change Return Type,5,True
20aa562b8d14fa22967f4846569af5fe2de7f564,Change Variable Type,8,True
20aa562b8d14fa22967f4846569af5fe2de7f564,Extract Method,4,True
20aa562b8d14fa22967f4846569af5fe2de7f564,Extract Superclass,1,True
20aa562b8d14fa22967f4846569af5fe2de7f564,Extract Variable,4,True
20aa562b8d14fa22967f4846569af5fe2de7f564,Move And Rename Method,1,True
20aa562b8d14fa22967f4846569af5fe2de7f564,Move Method,2,True
20aa562b8d14fa22967f4846569af5fe2de7f564,Pull Up Attribute,2,True
20aa562b8d14fa22967f4846569af5fe2de7f564,Pull Up Method,5,True
20aa562b8d14fa22967f4846569af5fe2de7f564,Remove Parameter,1,True
20aa562b8d14fa22967f4846569af5fe2de7f564,Rename Method,4,True
20aa562b8d14fa22967f4846569af5fe2de7f564,Rename Parameter,5,True
20aa562b8d14fa22967f4846569af5fe2de7f564,Rename Variable,8,True
2122ff1c98a43f1cf581083275e4eb1981db2d11,Change Type Declaration Kind,1,True
216536bce72883a456b6a3e625ea0e4ac77ecdfd,Change Variable Type,1,True
216536bce72883a456b6a3e625ea0e4ac77ecdfd,Extract Variable,1,True
21ee9a557dda403c0f7cfd741c3cbda56f8780d1,Extract Method,1,True
21ee9a557dda403c0f7cfd741c3cbda56f8780d1,Extract Variable,1,True
21ee9a557dda403c0f7cfd741c3cbda56f8780d1,Rename Variable,1,True
22218e7a41cc1c754fc3f9b8c9c0a4ddbae21a08,Modify Class Annotation,1,True
2258e500f1cf6d55c913c57e314d61e848c5554a,Rename Variable,1,True
226e42f99eda245e4f139afe0846784c9c3bbbe7,Inline Variable,1,True
22df82824c4ca7bd034f168159219588ffb649c2,Add Parameter,1,True
22df82824c4ca7bd034f168159219588ffb649c2,Change Attribute Type,1,True
22df82824c4ca7bd034f168159219588ffb649c2,Change Parameter Type,2,True
22df82824c4ca7bd034f168159219588ffb649c2,Change Return Type,1,True
22df82824c4ca7bd034f168159219588ffb649c2,Rename Variable,2,True
22df82824c4ca7bd034f168159219588ffb649c2,Split Method,1,True
23db1a8975f38c225048328e1a221726811f066a,Add Class Modifier,1,True
245d2391b216e2c03c60e8c3115948b8d918c1fe,Change Attribute Type,1,True
245d2391b216e2c03c60e8c3115948b8d918c1fe,Change Parameter Type,4,True
245d2391b216e2c03c60e8c3115948b8d918c1fe,Change Return Type,1,True
245d2391b216e2c03c60e8c3115948b8d918c1fe,Extract Interface,1,True
245d2391b216e2c03c60e8c3115948b8d918c1fe,Extract Superclass,1,True
245d2391b216e2c03c60e8c3115948b8d918c1fe,Pull Up Method,2,True
24bbc6c03824bb888c545a68d098e331886c6fbe,Extract Variable,2,True
25c11518d89d5f79892517ca2b8501dd511cb970,Add Class Annotation,1,True
25c11518d89d5f79892517ca2b8501dd511cb970,Add Method Annotation,1,True
25c11518d89d5f79892517ca2b8501dd511cb970,Change Type Declaration Kind,1,True
25c11518d89d5f79892517ca2b8501dd511cb970,Extract Interface,1,True
25c11518d89d5f79892517ca2b8501dd511cb970,Rename Class,1,True
25fb365fefa37aec936725277ae31c2e66c07ecc,Extract Method,1,True
25fb365fefa37aec936725277ae31c2e66c07ecc,Move Class,1,True
25fb365fefa37aec936725277ae31c2e66c07ecc,Rename Variable,1,True
2605396ee9e70d3baf89ad99ca4f092950bb22f1,Add Class Annotation,1,True
2605396ee9e70d3baf89ad99ca4f092950bb22f1,Rename Method,1,True
260596708d957d067eb8d30e64c9aaffffe68b4e,Add Attribute Modifier,18,True
260596708d957d067eb8d30e64c9aaffffe68b4e,Change Type Declaration Kind,5,True
269b3ac8b5b20c44537f3f68301f5e67a6fd0c3a,Change Variable Type,4,True
269b3ac8b5b20c44537f3f68301f5e67a6fd0c3a,Remove Method Annotation,2,True
26f1cca376ea6b90fdcc83ac46403d4dbdba2795,Extract Method,1,True
26f1cca376ea6b90fdcc83ac46403d4dbdba2795,Extract Variable,1,True
26f1cca376ea6b90fdcc83ac46403d4dbdba2795,Inline Variable,10,True
2700b3efc7608e87c3d329d20f1b3545813bf18b,Change Return Type,1,True
2700b3efc7608e87c3d329d20f1b3545813bf18b,Rename Parameter,5,True
280f1cf65fbbf84684a96686a229a0e80980fc4f,Rename Parameter,3,True
28417eabdd8a256e53220af4c0e697cfea20644d,Modify Class Annotation,1,True
28417eabdd8a256e53220af4c0e697cfea20644d,Modify Method Annotation,2,True
286233491de7faa2da27184956fb0bb6e1f0e7d5,Change Attribute Type,68,True
286233491de7faa2da27184956fb0bb6e1f0e7d5,Change Parameter Type,8,True
286233491de7faa2da27184956fb0bb6e1f0e7d5,Change Return Type,18,True
286233491de7faa2da27184956fb0bb6e1f0e7d5,Change Variable Type,68,True
286233491de7faa2da27184956fb0bb6e1f0e7d5,Rename Class,4,True
28abeeee343304b3a9c850e3e95bf93bfe1a45bd,Add Method Annotation,1,True
28abeeee343304b3a9c850e3e95bf93bfe1a45bd,Change Attribute Type,1,True
28abeeee343304b3a9c850e3e95bf93bfe1a45bd,Change Return Type,1,True
28abeeee343304b3a9c850e3e95bf93bfe1a45bd,Extract Method,1,True
28abeeee343304b3a9c850e3e95bf93bfe1a45bd,Remove Method Annotation,2,True
28e06033635496f294b7b527e631f28e2dbbe04c,Extract Variable,2,True
28e9ea6087d7a88b2e360b91c48616e745656155,Modify Method Annotation,2,True
29440b1aafaea0779ba50c22e442d41ad3522e60,Extract Method,1,True
29440b1aafaea0779ba50c22e442d41ad3522e60,Rename Parameter,1,True
29440b1aafaea0779ba50c22e442d41ad3522e60,Rename Variable,1,True
2b7832827735e92e83f68fc7eb5426a1f3f1184d,Change Attribute Type,5,True
2b7832827735e92e83f68fc7eb5426a1f3f1184d,Change Parameter Type,3,True
2b7832827735e92e83f68fc7eb5426a1f3f1184d,Change Return Type,2,True
2b7832827735e92e83f68fc7eb5426a1f3f1184d,Change Variable Type,39,True
2b7832827735e92e83f68fc7eb5426a1f3f1184d,Rename Class,44,True
2ba2ced244973aaccbff1c119bea6aef3bb32837,Change Variable Type,3,True
2ba2ced244973aaccbff1c119bea6aef3bb32837,Extract Method,1,True
2ba2ced244973aaccbff1c119bea6aef3bb32837,Extract Variable,1,True
2ba2ced244973aaccbff1c119bea6aef3bb32837,Inline Method,1,True
2ba2ced244973aaccbff1c119bea6aef3bb32837,Inline Variable,2,True
2ba2ced244973aaccbff1c119bea6aef3bb32837,Rename Variable,1,True
2bbeab436f36992fdf58430f104076138ab571a7,Reorder Parameter,2,True
2bc788452618e10d03d4a30b0c3a3dc2239c15ac,Change Variable Type,1,True
2bc788452618e10d03d4a30b0c3a3dc2239c15ac,Rename Variable,1,True
2bd4034738d30b18a54b9597812435654ff2f14e,Change Return Type,2,True
2c8df8d5199369a7289f485da94b1507814080b4,Rename Class,1,True
2d2e2f6b690e07e0dbb7b6e2966c464c70f8cb6d,Add Parameter,1,True
2d2e2f6b690e07e0dbb7b6e2966c464c70f8cb6d,Change Return Type,1,True
2d2e2f6b690e07e0dbb7b6e2966c464c70f8cb6d,Change Variable Type,1,True
2d2e2f6b690e07e0dbb7b6e2966c464c70f8cb6d,Modify Method Annotation,1,True
2d5551c2ee3cb37fa79edfbe394049b43fb4039e,Extract Variable,5,True
2d61f4b2774a2895f08c8575769aa665a6241552,Rename Attribute,29,True
2d61f4b2774a2895f08c8575769aa665a6241552,Rename Parameter,5,True
2d61f4b2774a2895f08c8575769aa665a6241552,Rename Variable,2,True
2e43ba4ef193c2e15f613fc09eb30068afa94bcf,Add Attribute Annotation,7,True
2e43ba4ef193c2e15f613fc09eb30068afa94bcf,Remove Attribute Annotation,7,True
2f08694413947a1405d2daebe0329a2bd69fbf29,Modify Class Annotation,2,True
2f4b6999d6c14ddf1cf9ab335e280935c4437360,Add Method Annotation,2,True
2f4b6999d6c14ddf1cf9ab335e280935c4437360,Add Parameter,2,True
2f4b6999d6c14ddf1cf9ab335e280935c4437360,Change Attribute Type,3,True
2f4b6999d6c14ddf1cf9ab335e280935c4437360,Change Method Access Modifier,2,True
2f4b6999d6c14ddf1cf9ab335e280935c4437360,Change Variable Type,3,True
2f4b6999d6c14ddf1cf9ab335e280935c4437360,Inline Variable,1,True
2f4b6999d6c14ddf1cf9ab335e280935c4437360,Move And Rename Class,3,True
2f4b6999d6c14ddf1cf9ab335e280935c4437360,Move And Rename Method,2,True
2f4b6999d6c14ddf1cf9ab335e280935c4437360,Move Attribute,5,True
2f4b6999d6c14ddf1cf9ab335e280935c4437360,Move Class,4,True
2f4b6999d6c14ddf1cf9ab335e280935c4437360,Move Method,2,True
2f4b6999d6c14ddf1cf9ab335e280935c4437360,Remove Attribute Modifier,3,True
2f4b6999d6c14ddf1cf9ab335e280935c4437360,Rename Method,1,True
2f4b6999d6c14ddf1cf9ab335e280935c4437360,Rename Parameter,1,True
2f4b6999d6c14ddf1cf9ab335e280935c4437360,Replace Variable With Attribute,1,True
2f4b6999d6c14ddf1cf9ab335e280935c4437360,Split Class,1,True
3078d7f9d953a19cdddcd0faacc53eca9f6fabc8,Remove Method Annotation,1,True
31844e2b087f0c577eb203ad443a7d2bd6dacfd7,Add Parameter,4,True
31844e2b087f0c577eb203ad443a7d2bd6dacfd7,Extract Method,1,True
31844e2b087f0c577eb203ad443a7d2bd6dacfd7,Inline Variable,1,True
31844e2b087f0c577eb203ad443a7d2bd6dacfd7,Localize Parameter,1,True
31c4b70fd888bd69ac197f310dfa345970e71b62,Change Parameter Type,1,True
31c4b70fd888bd69ac197f310dfa345970e71b62,Merge Conditional,1,True
32c6708949e4d95d24564489bdc6474ae6a31ae2,Extract Method,1,True
32c6708949e4d95d24564489bdc6474ae6a31ae2,Rename Variable,1,True
332535445949019cad9701cff67782f1f2990a7e,Change Variable Type,3,True
33a6de275749be127f0548245e96d6739a91a843,Extract Variable,3,True
3423d9759f97a7bc64501022961c7f593fd991de,Extract Variable,1,True
34abe6e2c34430136dcb9f79c9b60d0c70f168c7,Rename Method,2,True
370113b57f519ee9188a14ba58a348311f53a129,Extract Variable,2,True
370113b57f519ee9188a14ba58a348311f53a129,Rename Variable,1,True
385d2a192f030b38874527da9a86d3073860da4f,Merge Parameter,1,True
385d2a192f030b38874527da9a86d3073860da4f,Move And Rename Class,1,True
385d2a192f030b38874527da9a86d3073860da4f,Rename Method,1,True
385d2a192f030b38874527da9a86d3073860da4f,Rename Variable,1,True
38c4941648474bdc12fab52e1ba9163b8d2a9975,Rename Attribute,1,True
38c4941648474bdc12fab52e1ba9163b8d2a9975,Rename Method,35,True
38c4941648474bdc12fab52e1ba9163b8d2a9975,Rename Parameter,30,True
38c4941648474bdc12fab52e1ba9163b8d2a9975,Rename Variable,35,True
393741975a6d3e4ac5a571a21d984d4b09eaca38,Rename Attribute,1,True
3a2ec88f5c774813af74b55919dc8fa6158e01dd,Add Class Modifier,1,True
3a2ec88f5c774813af74b55919dc8fa6158e01dd,Add Method Annotation,26,True
3a3986a1589367b8fc37e3dcf70dbf2a1e041fdf,Add Attribute Modifier,6,True
3a3986a1589367b8fc37e3dcf70dbf2a1e041fdf,Change Attribute Access Modifier,2,True
3a3986a1589367b8fc37e3dcf70dbf2a1e041fdf,Change Type Declaration Kind,3,True
3a3986a1589367b8fc37e3dcf70dbf2a1e041fdf,Rename Parameter,1,True
3ba8d6523a3577ccd51a10f91071828403705a2e,Localize Parameter,1,True
3bd6fe7f1f529831c545f224b70d1573dceecf2a,Change Attribute Type,1,True
3bd6fe7f1f529831c545f224b70d1573dceecf2a,Change Method Access Modifier,1,True
3bd6fe7f1f529831c545f224b70d1573dceecf2a,Change Return Type,1,True
3bd6fe7f1f529831c545f224b70d1573dceecf2a,Change Variable Type,2,True
3bd6fe7f1f529831c545f224b70d1573dceecf2a,Extract Variable,1,True
3bd6fe7f1f529831c545f224b70d1573dceecf2a,Move And Rename Class,1,True
3bd6fe7f1f529831c545f224b70d1573dceecf2a,Remove Class Modifier,1,True
3bd6fe7f1f529831c545f224b70d1573dceecf2a,Rename Attribute,1,True
3bd6fe7f1f529831c545f224b70d1573dceecf2a,Rename Method,1,True
3bd6fe7f1f529831c545f224b70d1573dceecf2a,Rename Variable,2,True
3c17c6849298a3d71e1b897466ea7fe3ae0de8f3,Change Variable Type,1,True
3cacdaa0466eb0fbecf5d93aabbd47ba388e66c1,Replace Pipeline With Loop,1,True
3d0c65a65ee00feedf40bd8aeacd97a6ad15f926,Modify Class Annotation,1,True
3d7892e992bb47fe5647e738b6081983751e33b4,Extract Method,1,True
3d7892e992bb47fe5647e738b6081983751e33b4,Extract Variable,1,True
3e3c779178d6d35b3b49d631f688b77850368ee7,Modify Method Annotation,2,True
3e3c779178d6d35b3b49d631f688b77850368ee7,Rename Method,2,True
3eab52ff4cbad5ef64b67862557326a52575ad52,Change Parameter Type,1,True
3eab52ff4cbad5ef64b67862557326a52575ad52,Inline Variable,1,True
3eab52ff4cbad5ef64b67862557326a52575ad52,Remove Class Annotation,2,True
3eab52ff4cbad5ef64b67862557326a52575ad52,Rename Parameter,1,True
3eab52ff4cbad5ef64b67862557326a52575ad52,Split Attribute,1,True
3eab52ff4cbad5ef64b67862557326a52575ad52,Split Parameter,1,True
3f141fb8a1c2968c5aeeb6571236749845ca90b0,Extract Variable,3,True
3f6d40fe8eb327e4ba2e500fb3ac9578857301ea,Add Attribute Annotation,108,True
3f6d40fe8eb327e4ba2e500fb3ac9578857301ea,Add Class Annotation,7,True
3f6d40fe8eb327e4ba2e500fb3ac9578857301ea,Add Method Annotation,120,True
3f6d40fe8eb327e4ba2e500fb3ac9578857301ea,Assert Throws,8,True
3f6d40fe8eb327e4ba2e500fb3ac9578857301ea,Change Attribute Type,108,True
3f6d40fe8eb327e4ba2e500fb3ac9578857301ea,Change Return Type,10,True
3f6d40fe8eb327e4ba2e500fb3ac9578857301ea,Change Variable Type,163,True
3f6d40fe8eb327e4ba2e500fb3ac9578857301ea,Modify Method Annotation,3,True
3f6d40fe8eb327e4ba2e500fb3ac9578857301ea,Remove Attribute Annotation,108,True
3f6d40fe8eb327e4ba2e500fb3ac9578857301ea,Remove Class Annotation,5,True
3f6d40fe8eb327e4ba2e500fb3ac9578857301ea,Remove Method Annotation,120,True
3f6d40fe8eb327e4ba2e500fb3ac9578857301ea,Rename Class,1,True
3f6d40fe8eb327e4ba2e500fb3ac9578857301ea,Rename Method,10,True
3f81d376a3d11d905c9b85fc47f979920a4446d3,Change Variable Type,10,True
3f81d376a3d11d905c9b85fc47f979920a4446d3,Extract Attribute,1,True
3f81d376a3d11d905c9b85fc47f979920a4446d3,Extract Method,1,True
3f81d376a3d11d905c9b85fc47f979920a4446d3,Extract Variable,2,True
3f81d376a3d11d905c9b85fc47f979920a4446d3,Rename Variable,2,True
3f81d376a3d11d905c9b85fc47f979920a4446d3,Replace Variable With Attribute,1,True
3f81d376a3d11d905c9b85fc47f979920a4446d3,Try With Resources,1,True
3fd1a6936240757086e22a67aef02c6f7f889a4e,Change Variable Type,1,True
3fd1a6936240757086e22a67aef02c6f7f889a4e,Extract Variable,1,True
415d127390083133f7ef51405d19aa9844533fa8,Extract Variable,1,True
4189ac49e905963248816765cdba45ca4e88d353,Extract Method,2,True
41e715a5ebabd2df9f0e2e5faafa5c81e5be1b8d,Extract Variable,8,True
4269b4f75669ba12f71e294a35f09b2f7371fde6,Add Parameter,3,True
4269b4f75669ba12f71e294a35f09b2f7371fde6,Extract Variable,1,True
427a75e3bdd0d237944caeb12d426ffcf8fa94ed,Rename Attribute,1,True
427a75e3bdd0d237944caeb12d426ffcf8fa94ed,Rename Method,2,True
427a75e3bdd0d237944caeb12d426ffcf8fa94ed,Rename Parameter,1,True
427a75e3bdd0d237944caeb12d426ffcf8fa94ed,Rename Variable,2,True
43271172c4741025ad4a6bb951e1d209610e6a16,Rename Variable,1,True
43994dd95a5edfffc9145ed794731fa2b1e9c916,Add Attribute Annotation,3,True
43994dd95a5edfffc9145ed794731fa2b1e9c916,Add Attribute Modifier,3,True
43994dd95a5edfffc9145ed794731fa2b1e9c916,Change Type Declaration Kind,1,True
44c450754d8d8d0234d83d4144eb49140f05c57d,Extract Variable,1,True
45661c43dfff2c3152be107f4f9f4973794422fc,Change Attribute Type,1,True
45661c43dfff2c3152be107f4f9f4973794422fc,Remove Attribute Annotation,1,True
45661c43dfff2c3152be107f4f9f4973794422fc,Rename Attribute,1,True
4713e4067ffae250c627599874b0a33d327b36ea,Extract Variable,1,True
47a464f4cdee71da1469fba6048b05fd6b213058,Move Class,1,True
481b3ffb715ec808b3204b37fd869231ea90408e,Add Class Annotation,1,True
481b3ffb715ec808b3204b37fd869231ea90408e,Extract Method,1,True
483583afbab29cb261ed1c97e146cc0f1744015b,Rename Method,9,True
483d7fb8ef4b5a0ca33bd230f361fcb30f185f37,Rename Parameter,32,True
487e125d424c49cd35effca896080444e49c7d8e,Add Parameter,1,True
487e125d424c49cd35effca896080444e49c7d8e,Extract And Move Method,1,True
48d21446a5e3f2c38b84882ae2bb0f42903b0fef,Remove Parameter Modifier,1,True
4ac124aa9e73cc91dca062fde8c4b6af1d9f7739,Extract Variable,2,True
4b7bea3a9ed6ab69e80c97e41c101beb5cced6d1,Modify Method Annotation,1,True
4b7bea3a9ed6ab69e80c97e41c101beb5cced6d1,Remove Parameter,4,True
4b7bea3a9ed6ab69e80c97e41c101beb5cced6d1,Rename Method,1,True
4bdd651dac1e7d501228fa00e35118c3466927ad,Rename Parameter,1,True
4d28f7f298f1ee0766bd95eea52767fbe1239a4a,Add Parameter,1,True
4d28f7f298f1ee0766bd95eea52767fbe1239a4a,Extract Method,1,True
4d753cf8a51a8e6ad23e8c177d335edabeb951ef,Change Variable Type,2,True
4d753cf8a51a8e6ad23e8c177d335edabeb951ef,Remove Variable Modifier,1,True
4d753cf8a51a8e6ad23e8c177d335edabeb951ef,Rename Variable,2,True
4d7f80ca800066469f4a107b43a76b5ff6a9c97e,Extract Variable,1,True
4dc2d93167e98631c02f64242a7b8206a18948bd,Rename Attribute,1,True
4dc2d93167e98631c02f64242a7b8206a18948bd,Rename Method,1,True
505f7d32d252eeb22b536c728e07a81a5aeec51d,Rename Method,3,True
505f7d32d252eeb22b536c728e07a81a5aeec51d,Rename Parameter,1,True
51071ea3ac92d17341c178f56c1eb42aaf589953,Rename Method,3,True
51071ea3ac92d17341c178f56c1eb42aaf589953,Rename Parameter,1,True
511306e96425d7dcb5b3155d432b13c92081031a,Extract And Move Method,3,True
511306e96425d7dcb5b3155d432b13c92081031a,Modify Class Annotation,10,True
511306e96425d7dcb5b3155d432b13c92081031a,Rename Variable,2,True
5214b87c59c0973f1ff40d1f155e72b7bd18b03a,Extract Variable,2,True
537e62e7517425c83aba5cadf134893c040a4c19,Add Method Annotation,2,True
54033369ded7c5e7c2e5acd81f918b9c90b63197,Add Attribute Annotation,7,True
54033369ded7c5e7c2e5acd81f918b9c90b63197,Remove Attribute Annotation,7,True
540508a2be3c570f5c6c5883e5ae2fadb2055f8e,Try With Resources,11,True
54332e4f490c190f84b69c1991e51f68603244b0,Modify Method Annotation,1,True
54332e4f490c190f84b69c1991e51f68603244b0,Rename Parameter,2,True
54cbebf086e7bc9bdad32861c4417eb14bd0f3ad,Add Class Annotation,1,True
5516111eaf3f11f00b1137a5cf57a60f187a4042,Rename Variable,1,True
5524bcc7ce9878c4644c84fe40d2b3acd98fbeaf,Add Parameter Annotation,1,True
55b19932a1a0bad9e9afaf5cb4d3a7bd4b9b5be8,Change Variable Type,1,True
55b19932a1a0bad9e9afaf5cb4d3a7bd4b9b5be8,Rename Parameter,6,True
55b19932a1a0bad9e9afaf5cb4d3a7bd4b9b5be8,Rename Variable,201,True
55c48b4d7108f951ff7325d70433f154f04d8efe,Add Method Annotation,1,True
55e5764f6ce0f3ccf608472ae37a5dcdce6cd52f,Change Variable Type,1,True
55e5764f6ce0f3ccf608472ae37a5dcdce6cd52f,Rename Variable,1,True
55e5764f6ce0f3ccf608472ae37a5dcdce6cd52f,Split Conditional,1,True
55ec77fec1468aa6224c9f7d22ed05bc4b3ad318,Change Variable Type,9,True
55ec77fec1468aa6224c9f7d22ed05bc4b3ad318,Rename Variable,9,True
561ca969e92ebc8ec9cbc07015ee6b1e00cab1d1,Add Class Modifier,1,True
561ca969e92ebc8ec9cbc07015ee6b1e00cab1d1,Add Method Annotation,1,True
578d743a4f2727536793e98d5b526087c2721f70,Extract Variable,1,True
57ea37b8ebc7803d736f3ac0a00e1d529a66bc21,Move Class,7,True
5861cd02bfcb76847d0a37cbfcafef81bbdf0697,Add Attribute Annotation,6,True
5861cd02bfcb76847d0a37cbfcafef81bbdf0697,Add Attribute Modifier,7,True
5861cd02bfcb76847d0a37cbfcafef81bbdf0697,Change Attribute Access Modifier,1,True
5861cd02bfcb76847d0a37cbfcafef81bbdf0697,Change Type Declaration Kind,1,True
5861cd02bfcb76847d0a37cbfcafef81bbdf0697,Move And Inline Method,5,True
586a97e12ab697deab9afdf152152b2f11c2a439,Add Variable Modifier,1,True
586a97e12ab697deab9afdf152152b2f11c2a439,Change Parameter Type,1,True
586a97e12ab697deab9afdf152152b2f11c2a439,Extract And Move Method,1,True
586a97e12ab697deab9afdf152152b2f11c2a439,Extract Variable,2,True
586a97e12ab697deab9afdf152152b2f11c2a439,Remove Attribute Modifier,1,True
586a97e12ab697deab9afdf152152b2f11c2a439,Rename Parameter,2,True
586a97e12ab697deab9afdf152152b2f11c2a439,Rename Variable,1,True
586a97e12ab697deab9afdf152152b2f11c2a439,Replace Loop With Pipeline,1,True
586e97b38a6e855f910397478f645b911522778e,Change Class Access Modifier,1,True
586e97b38a6e855f910397478f645b911522778e,Inline Variable,1,True
586e97b38a6e855f910397478f645b911522778e,Move Class,1,True
586e97b38a6e855f910397478f645b911522778e,Remove Class Modifier,1,True
586e97b38a6e855f910397478f645b911522778e,Rename Attribute,35,True
586e97b38a6e855f910397478f645b911522778e,Rename Parameter,16,True
586e97b38a6e855f910397478f645b911522778e,Rename Variable,90,True
58a696ff4563000d44c4d41da7bac94076f2367f,Rename Method,7,True
59a737794944854c034420bf4b6ffa691f14abae,Modify Class Annotation,1,True
5b57491ce7b4e043f9da31d566d3e120a35f22ff,Change Attribute Type,1,True
5b57491ce7b4e043f9da31d566d3e120a35f22ff,Rename Attribute,1,True
5d0577ec186bec1d944a5cf2be14fc32087e2506,Extract Method,1,True
5d3fdaefc98be55f393fb86d3fdc1595d54cd0ab,Add Class Annotation,1,True
5d810c875eb50a5824a15f9d77249d70ede91af9,Move Class,3,True
5daf22368d4e2f2d429b591de1ba492ee870e762,Rename Method,4,True
5daf22368d4e2f2d429b591de1ba492ee870e762,Rename Parameter,2,True
5dca09d2108df6cc3a9efdbf88eb6abe66625fa6,Change Variable Type,1,True
5ddaa434b9281735e37826f71877cf66d151e78c,Add Attribute Modifier,2,True
5ddaa434b9281735e37826f71877cf66d151e78c,Add Class Modifier,1,True
5ddaa434b9281735e37826f71877cf66d151e78c,Add Parameter,2,True
5ddaa434b9281735e37826f71877cf66d151e78c,Change Attribute Type,6,True
5ddaa434b9281735e37826f71877cf66d151e78c,Change Parameter Type,14,True
5ddaa434b9281735e37826f71877cf66d151e78c,Change Type Declaration Kind,1,True
5ddaa434b9281735e37826f71877cf66d151e78c,Change Variable Type,13,True
5ddaa434b9281735e37826f71877cf66d151e78c,Extract And Move Method,1,True
5ddaa434b9281735e37826f71877cf66d151e78c,Extract Class,1,True
5ddaa434b9281735e37826f71877cf66d151e78c,Extract Interface,1,True
5ddaa434b9281735e37826f71877cf66d151e78c,Extract Variable,2,True
5ddaa434b9281735e37826f71877cf66d151e78c,Localize Parameter,1,True
5ddaa434b9281735e37826f71877cf66d151e78c,Move And Rename Class,1,True
5ddaa434b9281735e37826f71877cf66d151e78c,Move Attribute,2,True
5ddaa434b9281735e37826f71877cf66d151e78c,Move Class,4,True
5ddaa434b9281735e37826f71877cf66d151e78c,Remove Class Annotation,1,True
5ddaa434b9281735e37826f71877cf66d151e78c,Remove Method Annotation,1,True
5ddaa434b9281735e37826f71877cf66d151e78c,Remove Parameter,2,True
5ddaa434b9281735e37826f71877cf66d151e78c,Remove Parameter Annotation,1,True
5ddaa434b9281735e37826f71877cf66d151e78c,Rename Attribute,1,True
5ddaa434b9281735e37826f71877cf66d151e78c,Rename Variable,3,True
5f28291df09e060187d41df11c09bf88f7bcca9a,Change Attribute Type,2,True
5f28291df09e060187d41df11c09bf88f7bcca9a,Change Parameter Type,1,True
5f28291df09e060187d41df11c09bf88f7bcca9a,Change Variable Type,8,True
5f28291df09e060187d41df11c09bf88f7bcca9a,Rename Attribute,2,True
5f28291df09e060187d41df11c09bf88f7bcca9a,Rename Variable,5,True
6064509944b4e127bc790451ec424543d09b4776,Change Return Type,1,True
6064509944b4e127bc790451ec424543d09b4776,Extract Variable,6,True
617844fbfabcee40490e2c9689f74697ef3d801d,Rename Method,8,True
617844fbfabcee40490e2c9689f74697ef3d801d,Rename Parameter,95,True
617df86f85dc67266419b9679a884e80db212342,Add Method Annotation,4,True
63241ebc5324110ccaf7f1c4ebb6ae711bf58c5d,Add Parameter Annotation,4,True
63251d337083a226c5146886832f184ee809611f,Encapsulate Attribute,1,True
6374878380d6b33c2f7f52c8813975d06b1208e9,Add Method Annotation,1,True
6374878380d6b33c2f7f52c8813975d06b1208e9,Change Attribute Type,2,True
6374878380d6b33c2f7f52c8813975d06b1208e9,Change Method Access Modifier,1,True
6374878380d6b33c2f7f52c8813975d06b1208e9,Change Variable Type,2,True
6374878380d6b33c2f7f52c8813975d06b1208e9,Extract And Move Method,1,True
6374878380d6b33c2f7f52c8813975d06b1208e9,Extract Interface,1,True
6374878380d6b33c2f7f52c8813975d06b1208e9,Extract Method,1,True
6374878380d6b33c2f7f52c8813975d06b1208e9,Extract Variable,4,True
6374878380d6b33c2f7f52c8813975d06b1208e9,Rename Method,1,True
6374878380d6b33c2f7f52c8813975d06b1208e9,Rename Parameter,2,True
6374878380d6b33c2f7f52c8813975d06b1208e9,Rename Variable,1,True
6431b72acd25451033f2b18ad989b8e2f9ee101b,Add Class Annotation,20,True
6470440b74ca1f5e5905d55aea98db3c81835379,Add Class Annotation,7,True
6470440b74ca1f5e5905d55aea98db3c81835379,Add Method Annotation,1,True
6470440b74ca1f5e5905d55aea98db3c81835379,Extract Method,4,True
6470440b74ca1f5e5905d55aea98db3c81835379,Extract Variable,1,True
6470440b74ca1f5e5905d55aea98db3c81835379,Inline Variable,1,True
6470440b74ca1f5e5905d55aea98db3c81835379,Remove Attribute Annotation,1,True
6470440b74ca1f5e5905d55aea98db3c81835379,Rename Variable,1,True
6470440b74ca1f5e5905d55aea98db3c81835379,Replace Loop With Pipeline,2,True
66611601f308c9898ff2ff43389fb9a2dbdda7e5,Split Attribute,1,True
670c9ba4b33e497202dc90be875cb772b6e9e4bb,Add Parameter,2,True
670c9ba4b33e497202dc90be875cb772b6e9e4bb,Replace Variable With Attribute,10,True
676ffd8a6179bb3d43de8750b0f0644bb22f74ed,Add Parameter,1,True
67e104e660348d35a41cec3d19925a33acc03981,Inline Variable,1,True
67fce4ce0dd018b9a9a0a80f617251c6796cd6b7,Encapsulate Attribute,1,True
6848ecae954905121aec023b7906034e29346ccb,Rename Method,1,True
68afcaf8ac0f21b45ae1d8ebe2814d332f54759e,Add Variable Modifier,1,True
6912774ef5fefddb7641d0c9e4834178e5df9a9b,Add Thrown Exception Type,1,True
69b04f91797754c7badbd073818af1a97848ec14,Add Parameter,1,True
69c294125a93feaac86548070a707cadacb3b7bd,Rename Parameter,63,True
6a68887e77397e08cbd721ae43cb8b0abe7c349f,Extract Variable,2,True
6a6f5bced20f040533a2e0451e47051be00c5bc2,Add Parameter Annotation,1,True
6aed9df889a2a2dbc362238891e51ecbb6846efe,Add Parameter,1,True
6aed9df889a2a2dbc362238891e51ecbb6846efe,Change Attribute Access Modifier,1,True
6aed9df889a2a2dbc362238891e51ecbb6846efe,Change Attribute Type,1,True
6aed9df889a2a2dbc362238891e51ecbb6846efe,Change Parameter Type,2,True
6aed9df889a2a2dbc362238891e51ecbb6846efe,Change Return Type,2,True
6aed9df889a2a2dbc362238891e51ecbb6846efe,Change Variable Type,5,True
6aed9df889a2a2dbc362238891e51ecbb6846efe,Encapsulate Attribute,1,True
6aed9df889a2a2dbc362238891e51ecbb6846efe,Extract Subclass,1,True
6aed9df889a2a2dbc362238891e51ecbb6846efe,Push Down Attribute,3,True
6aed9df889a2a2dbc362238891e51ecbb6846efe,Push Down Method,1,True
6aed9df889a2a2dbc362238891e51ecbb6846efe,Remove Class Annotation,2,True
6aed9df889a2a2dbc362238891e51ecbb6846efe,Remove Parameter,3,True
6aed9df889a2a2dbc362238891e51ecbb6846efe,Rename Variable,1,True
6b014e2fc365fa21407eb36bcb7318a1117e063f,Change Attribute Type,2,True
6b5fab7e95c082d2aac6b620837745374fb07e84,Rename Variable,1,True
6b5fab7e95c082d2aac6b620837745374fb07e84,Replace Pipeline With Loop,1,True
6b96d6487f9632838e39b8dfbf907ca9247b2fa5,Extract Variable,1,True
6c94b0a3fdc4409ff468da6b49fa4d875555610f,Rename Method,1,True
6cb197a2bf35d1aba0f62e75f4e386f0d0e25c92,Add Parameter,1,True
6d4f2414e47c4391a5bb938c61a81c0ae8740789,Add Method Annotation,1,True
6d4f2414e47c4391a5bb938c61a81c0ae8740789,Change Parameter Type,1,True
6e61d7a504bfd83111a96bbcc116d81d1e9bf5ed,Extract Variable,6,True
6ed447141add5398a89d18b95b87f6757d644789,Add Attribute Annotation,34,True
6ee1b20baca0a5f85b05ca4f9c118c6a341d4c1a,Add Attribute Modifier,30,True
6ee1b20baca0a5f85b05ca4f9c118c6a341d4c1a,Change Type Declaration Kind,6,True
6ee1b20baca0a5f85b05ca4f9c118c6a341d4c1a,Encapsulate Attribute,3,True
701fc00c6392e1c6827a765abd5641fdc436ba1d,Add Attribute Modifier,1,True
701fc00c6392e1c6827a765abd5641fdc436ba1d,Change Attribute Access Modifier,21,True
701fc00c6392e1c6827a765abd5641fdc436ba1d,Change Return Type,1,True
701fc00c6392e1c6827a765abd5641fdc436ba1d,Extract Class,1,True
701fc00c6392e1c6827a765abd5641fdc436ba1d,Extract Method,4,True
701fc00c6392e1c6827a765abd5641fdc436ba1d,Inline Variable,1,True
701fc00c6392e1c6827a765abd5641fdc436ba1d,Move Method,2,True
701fc00c6392e1c6827a765abd5641fdc436ba1d,Rename Parameter,2,True
703a895b98c06d5db537c69b09cfbe575c05a0ff,Inline Variable,1,True
706e3ca0ba96dd168fd165909b478e7c70091f3e,Modify Class Annotation,2,True
708a839327a1bca43c395763ba8f662e18821653,Extract Variable,1,True
708a839327a1bca43c395763ba8f662e18821653,Split Conditional,1,True
70b066c8cde69fbe13e54620d800d66483084e1e,Change Return Type,2,True
70b066c8cde69fbe13e54620d800d66483084e1e,Extract Method,2,True
70b066c8cde69fbe13e54620d800d66483084e1e,Remove Parameter,4,True
70b066c8cde69fbe13e54620d800d66483084e1e,Rename Method,4,True
72fc8baf05b47f105f9bf39ba89f717f8d46db9a,Add Class Annotation,2,True
72fc8baf05b47f105f9bf39ba89f717f8d46db9a,Encapsulate Attribute,1,True
72fc8baf05b47f105f9bf39ba89f717f8d46db9a,Remove Attribute Annotation,1,True
72fc8baf05b47f105f9bf39ba89f717f8d46db9a,Remove Class Annotation,1,True
734cd0b00b318571701ac3b7edb5e18c8c1273f2,Change Attribute Access Modifier,2,True
734cd0b00b318571701ac3b7edb5e18c8c1273f2,Extract Variable,3,True
757a55ae8cb66f65cd733e566a195b3f34f2d4d8,Extract Variable,1,True
769fb64c58518fdca3c65082e2972610cabe6df0,Extract Variable,1,True
76df12fb93df4eac10ee2266418c99765815f491,Add Thrown Exception Type,2,True
774c1f65524fd753cebbcbe4216a5daca64907ee,Add Method Annotation,1,True
779e9bb14889ff7c64c2e166eada7f21ffebe3d4,Rename Attribute,9,True
779e9bb14889ff7c64c2e166eada7f21ffebe3d4,Rename Parameter,58,True
779e9bb14889ff7c64c2e166eada7f21ffebe3d4,Rename Variable,1,True
792f2df5322538003f23335d3858b8cfa75f675f,Change Parameter Type,1,True
792f2df5322538003f23335d3858b8cfa75f675f,Change Variable Type,1,True
792f2df5322538003f23335d3858b8cfa75f675f,Rename Parameter,1,True
792f2df5322538003f23335d3858b8cfa75f675f,Rename Variable,1,True
79a7a4b66abeb784870d21c65ccd10bf6f066cf0,Change Attribute Type,2,True
79a7a4b66abeb784870d21c65ccd10bf6f066cf0,Change Parameter Type,5,True
79a7a4b66abeb784870d21c65ccd10bf6f066cf0,Change Return Type,7,True
79a7a4b66abeb784870d21c65ccd10bf6f066cf0,Change Variable Type,9,True
79a7a4b66abeb784870d21c65ccd10bf6f066cf0,Extract Class,1,True
79a7a4b66abeb784870d21c65ccd10bf6f066cf0,Localize Parameter,5,True
79da12b8e5239ba96b1c632f447d64450f1c9a7e,Modify Method Annotation,18,True
7b9580b39d8c1fbca0a04b1541dc961de2333e71,Extract Variable,1,True
7bee5707dafe4130aba2de95d4ba866532efac9a,Change Attribute Type,1,True
7bee5707dafe4130aba2de95d4ba866532efac9a,Move Method,2,True
7bee5707dafe4130aba2de95d4ba866532efac9a,Rename Attribute,1,True
7c2080dd59cd9dca2e29d83b005d3b55939d5644,Add Parameter,4,True
7c2080dd59cd9dca2e29d83b005d3b55939d5644,Extract Method,2,True
7c3e179cf3673bce8e110b3754b98c45a8e4136a,Extract And Move Method,7,True
7c3e179cf3673bce8e110b3754b98c45a8e4136a,Inline Variable,2,True
7c3e179cf3673bce8e110b3754b98c45a8e4136a,Parameterize Variable,1,True
7c3e179cf3673bce8e110b3754b98c45a8e4136a,Rename Parameter,1,True
7c3e179cf3673bce8e110b3754b98c45a8e4136a,Rename Variable,3,True
7c915784e349e73dd961af4e9c61195d060bf743,Add Method Annotation,1,True
7cb9ff5c70d2ef5ae6509e8eca2c283d6cee054d,Move Class,2,True
7cb9ff5c70d2ef5ae6509e8eca2c283d6cee054d,Rename Class,1,True
7dcf26b1f175bb262d171476e3f02c946c152f58,Rename Attribute,5,True
7dcf26b1f175bb262d171476e3f02c946c152f58,Rename Parameter,108,True
7dcf26b1f175bb262d171476e3f02c946c152f58,Rename Variable,39,True
7dd371e70a81f7c907a01f3667ac683cc8886cb4,Move Class,7,True
7ddc583460ae3cff4fecdc3a953c70931dbf37f4,Add Attribute Annotation,2,True
7ddc583460ae3cff4fecdc3a953c70931dbf37f4,Add Class Annotation,4,True
7ddc583460ae3cff4fecdc3a953c70931dbf37f4,Change Attribute Type,1,True
7ddc583460ae3cff4fecdc3a953c70931dbf37f4,Modify Attribute Annotation,2,True
7e29ba7212cd61b9829e1c9e79aaad7e9cb22c25,Extract Variable,3,True
7e29ba7212cd61b9829e1c9e79aaad7e9cb22c25,Inline Variable,1,True
7e29ba7212cd61b9829e1c9e79aaad7e9cb22c25,Rename Variable,3,True
7ea5a6917beb11e10c04f4808e00bb079e3e263e,Add Method Annotation,1,True
7f449caf5277f3eeac6ace89c844f1f62ed0afcd,Add Parameter,3,True
7f449caf5277f3eeac6ace89c844f1f62ed0afcd,Change Variable Type,1,True
7f449caf5277f3eeac6ace89c844f1f62ed0afcd,Extract Method,2,True
7f449caf5277f3eeac6ace89c844f1f62ed0afcd,Remove Attribute Modifier,1,True
7f449caf5277f3eeac6ace89c844f1f62ed0afcd,Rename Variable,1,True
7fac010fa46ca48fe2537c545633aa4e577c5fb0,Rename Attribute,2,True
7fac010fa46ca48fe2537c545633aa4e577c5fb0,Rename Method,2,True
7fac010fa46ca48fe2537c545633aa4e577c5fb0,Rename Parameter,1,True
7fd5a0310ba94ee2f10c4cbf3fabf3b1f2fda53e,Change Attribute Type,1,True
7fd5a0310ba94ee2f10c4cbf3fabf3b1f2fda53e,Change Parameter Type,1,True
7fd5a0310ba94ee2f10c4cbf3fabf3b1f2fda53e,Change Return Type,1,True
804a6cbd684e88569601c6e659dd91948dfe09cc,Change Attribute Access Modifier,1,True
804a6cbd684e88569601c6e659dd91948dfe09cc,Change Variable Type,1,True
804a6cbd684e88569601c6e659dd91948dfe09cc,Rename Variable,1,True
80704942d87cb9f8e2b790cf0bf45d5261d67841,Add Attribute Modifier,2,True
80704942d87cb9f8e2b790cf0bf45d5261d67841,Change Attribute Type,1,True
80704942d87cb9f8e2b790cf0bf45d5261d67841,Change Variable Type,1,True
80704942d87cb9f8e2b790cf0bf45d5261d67841,Extract And Move Method,8,True
80704942d87cb9f8e2b790cf0bf45d5261d67841,Extract Class,3,True
80704942d87cb9f8e2b790cf0bf45d5261d67841,Inline Variable,1,True
80704942d87cb9f8e2b790cf0bf45d5261d67841,Move Attribute,1,True
80704942d87cb9f8e2b790cf0bf45d5261d67841,Remove Attribute Annotation,2,True
80704942d87cb9f8e2b790cf0bf45d5261d67841,Rename Attribute,1,True
80704942d87cb9f8e2b790cf0bf45d5261d67841,Rename Variable,1,True
80704942d87cb9f8e2b790cf0bf45d5261d67841,Replace Variable With Attribute,1,True
80edb6bfecb2c9e025a5cb3a7ac9c91fcea19955,Add Parameter,2,True
81c70ac4ca7db8172f039b52b37487f4851b8126,Rename Variable,1,True
8216aaa8cfec532fd7786ca9a18b231ba20267be,Change Variable Type,1,True
82900b9db14af72591385dfd5384021003e4fa52,Add Class Annotation,1,True
82900b9db14af72591385dfd5384021003e4fa52,Add Parameter,1,True
82900b9db14af72591385dfd5384021003e4fa52,Change Return Type,1,True
82900b9db14af72591385dfd5384021003e4fa52,Extract Method,1,True
8296b7eac4affcc23fcbd45718996f4b2d84e6e9,Extract Variable,1,True
8379ebe8ffa51bcdd0f21373ca7453cc4aa464a5,Change Return Type,1,True
8379ebe8ffa51bcdd0f21373ca7453cc4aa464a5,Change Variable Type,3,True
8379ebe8ffa51bcdd0f21373ca7453cc4aa464a5,Extract Attribute,1,True
8379ebe8ffa51bcdd0f21373ca7453cc4aa464a5,Rename Method,2,True
8379ebe8ffa51bcdd0f21373ca7453cc4aa464a5,Rename Variable,3,True
83c5b8bb767754a5a176fcc4408616ed57941cd0,Rename Method,2,True
8425dda102a47311743d103ef6ece6b842c0b1a2,Rename Class,2,True
84d61545fef45bed546e5abccc5632b592ae9b1f,Rename Variable,1,True
84da7f4d682337a0ab1a910f0fe17efe58122e20,Change Variable Type,1,True
84da7f4d682337a0ab1a910f0fe17efe58122e20,Rename Variable,1,True
854eac0848cc953f4fb085eacefdee0f14ad85e2,Extract Method,2,True
854eac0848cc953f4fb085eacefdee0f14ad85e2,Rename Variable,2,True
859458c5e9e3e0a9b9ba66c7338a307ab532a43f,Extract Method,2,True
85e75daa51d9712de533d03be5c39a2248ed2a50,Extract Method,1,True
85e75daa51d9712de533d03be5c39a2248ed2a50,Inline Variable,1,True
85e75daa51d9712de533d03be5c39a2248ed2a50,Replace Conditional With Ternary,2,True
860a52cb61df160c7e155b4f0a849e4b14c1c186,Change Variable Type,2,True
862a09e4e00fa42bfb5c6216c98da8593397ce40,Change Parameter Type,1,True
86797a2101e6313ff0da4068081ac0a8866aac02,Extract Method,3,True
86797a2101e6313ff0da4068081ac0a8866aac02,Extract Variable,2,True
86797a2101e6313ff0da4068081ac0a8866aac02,Parameterize Variable,2,True
86797a2101e6313ff0da4068081ac0a8866aac02,Rename Variable,1,True
86797a2101e6313ff0da4068081ac0a8866aac02,Replace Conditional With Ternary,1,True
86797a2101e6313ff0da4068081ac0a8866aac02,Replace Loop With Pipeline,1,True
86cabff38542c6a5f33f1b683940356bbe4475ce,Change Variable Type,1,True
86cabff38542c6a5f33f1b683940356bbe4475ce,Extract Method,1,True
86cabff38542c6a5f33f1b683940356bbe4475ce,Rename Variable,3,True
87f7533712d8d32b2cb99ac2186eb80f4630f6aa,Change Attribute Type,1,True
87f7533712d8d32b2cb99ac2186eb80f4630f6aa,Change Parameter Type,1,True
87f7533712d8d32b2cb99ac2186eb80f4630f6aa,Change Variable Type,2,True
87f7533712d8d32b2cb99ac2186eb80f4630f6aa,Try With Resources,1,True
89a29ec30e0f725d9300476cd2e3271ce9277ce2,Inline Variable,1,True
89c9eaccf5e7bc03c1b35e259d0e0752a49b97e0,Remove Thrown Exception Type,2,True
8a67cae18f473dbf1e30121860a0f760903502e4,Extract Variable,2,True
8adc4af5c3c38e99b3a35225459560f5fe77de4e,Change Return Type,1,True
8be47608755d769073c6049e24ab8750dbfd6ff9,Extract Variable,1,True
8c21fe44803cd062acf2e2175f1e0d07b667f91b,Change Variable Type,3,True
8c21fe44803cd062acf2e2175f1e0d07b667f91b,Invert Condition,1,True
8c21fe44803cd062acf2e2175f1e0d07b667f91b,Rename Class,2,True
8c21fe44803cd062acf2e2175f1e0d07b667f91b,Rename Method,3,True
8c21fe44803cd062acf2e2175f1e0d07b667f91b,Rename Variable,5,True
8c63f26615474abf2a0643d62423f1d4587c7647,Change Method Access Modifier,10,True
8c63f26615474abf2a0643d62423f1d4587c7647,Move Method,10,True
8c9af5536640d744611858eed10c3d7b79d58813,Change Attribute Type,1,True
8c9af5536640d744611858eed10c3d7b79d58813,Change Parameter Type,1,True
8c9af5536640d744611858eed10c3d7b79d58813,Rename Attribute,3,True
8c9af5536640d744611858eed10c3d7b79d58813,Rename Class,1,True
8c9af5536640d744611858eed10c3d7b79d58813,Rename Method,5,True
8d3e4827a2096fbb8140ba36beb69f5a28cf8457,Change Method Access Modifier,12,True
8d3e4827a2096fbb8140ba36beb69f5a28cf8457,Extract Class,1,True
8d3e4827a2096fbb8140ba36beb69f5a28cf8457,Merge Conditional,3,True
8d3e4827a2096fbb8140ba36beb69f5a28cf8457,Move Method,12,True
8d3e4827a2096fbb8140ba36beb69f5a28cf8457,Replace Conditional With Ternary,2,True
8d9aa8c094ba277ce154411ac41cf4afd719bc21,Add Class Annotation,1,True
8e1bf082cc65798a3fd8686de123dd6d3abf1d9a,Add Method Annotation,4,True
8e1bf082cc65798a3fd8686de123dd6d3abf1d9a,Change Variable Type,3,True
8e1bf082cc65798a3fd8686de123dd6d3abf1d9a,Extract Variable,2,True
8e438e08e6efaa4391a1ed223d8cf20541e07305,Change Variable Type,1,True
8e5fd83c9beab5e2d985849516cb445bca6c93a0,Add Thrown Exception Type,2,True
8e5fd83c9beab5e2d985849516cb445bca6c93a0,Extract Method,3,True
8e5fd83c9beab5e2d985849516cb445bca6c93a0,Invert Condition,1,True
8e5fd83c9beab5e2d985849516cb445bca6c93a0,Merge Conditional,2,True
8e5fd83c9beab5e2d985849516cb445bca6c93a0,Parameterize Variable,2,True
8e5fd83c9beab5e2d985849516cb445bca6c93a0,Rename Parameter,1,True
8e5fd83c9beab5e2d985849516cb445bca6c93a0,Rename Variable,1,True
8e9ad26fb397197ccf54831d65a2bbcd66e4e82a,Change Attribute Access Modifier,1,True
8ed75a51457f0bbbdb05bd98585f8b63f407650f,Add Parameter,1,True
8f1e30a74506eb87c70c94f099e0749c8d01498b,Change Attribute Type,1,True
8f1e30a74506eb87c70c94f099e0749c8d01498b,Change Parameter Type,2,True
8f1e30a74506eb87c70c94f099e0749c8d01498b,Change Return Type,2,True
8f1e30a74506eb87c70c94f099e0749c8d01498b,Change Variable Type,1,True
8f1e30a74506eb87c70c94f099e0749c8d01498b,Rename Class,1,True
8f1e30a74506eb87c70c94f099e0749c8d01498b,Rename Method,1,True
8f4fa1a1198c67e306b0fdb22323a8a97fec8a2e,Change Attribute Type,22,True
8f4fa1a1198c67e306b0fdb22323a8a97fec8a2e,Change Parameter Type,80,True
8f4fa1a1198c67e306b0fdb22323a8a97fec8a2e,Change Return Type,40,True
8f4fa1a1198c67e306b0fdb22323a8a97fec8a2e,Change Variable Type,117,True
8fbe4c2b020aac365e5ea809ccbd27a38b3750f1,Extract Method,2,True
8fbe4c2b020aac365e5ea809ccbd27a38b3750f1,Rename Variable,1,True
90421bad979624b476b7f9d807469fd80cc2256c,Encapsulate Attribute,2,True
90421bad979624b476b7f9d807469fd80cc2256c,Extract Method,2,True
905f435375e2a173f7aec8a8e211508fa86e4c85,Extract Method,1,True
90ec485a1f3d5790965244e5848a0348f9105e75,Add Attribute Modifier,1,True
90ec485a1f3d5790965244e5848a0348f9105e75,Change Variable Type,2,True
90ec485a1f3d5790965244e5848a0348f9105e75,Rename Variable,2,True
9100851f0c64ecb9ca65b0be9c9961e3abb65025,Extract Variable,1,True
9244bad35625f56e1296d91d80a0284aa6fd0928,Add Parameter,1,True
9244bad35625f56e1296d91d80a0284aa6fd0928,Localize Parameter,1,True
9244bad35625f56e1296d91d80a0284aa6fd0928,Move Attribute,1,True
9244bad35625f56e1296d91d80a0284aa6fd0928,Move Code,1,True
92775bdfe7f702b5ee9677d850e56190a2af1bbb,Change Variable Type,2,True
92775bdfe7f702b5ee9677d850e56190a2af1bbb,Extract Method,1,True
95bc06bf931aef9c3869bbf1c1695bc9844e0e3f,Add Attribute Annotation,8,True
95bc06bf931aef9c3869bbf1c1695bc9844e0e3f,Remove Attribute Annotation,8,True
961d8ff159911cd1275a50eccfb1ba9fa0f41254,Change Variable Type,1,True
961d8ff159911cd1275a50eccfb1ba9fa0f41254,Rename Variable,1,True
965c76aacf66743365f8ceab5acebc92403dd661,Remove Method Annotation,1,True
96f1782fbe50a6ddde8ee260368f446cd7a38e44,Change Variable Type,1,True
987d2e6f58ba9a7125ca277c2f706a18328a1de0,Add Parameter,1,True
987d2e6f58ba9a7125ca277c2f706a18328a1de0,Replace Variable With Attribute,2,True
98a61d53323d364c42d57d59ca144a39ce80f61c,Extract Variable,1,True
98abf3f551bfceaca46058e442dde3d2031e19f2,Change Attribute Access Modifier,1,True
98abf3f551bfceaca46058e442dde3d2031e19f2,Extract Method,1,True
98b59a58e862fa8a72f9e7529b4c3566b3c8be88,Add Method Annotation,6,True
995e7c7aec3adf6c26c30e8d287064cf59b5a24e,Extract Variable,1,True
9a2320e34b141855f0e3a02d4c2574235dcff89c,Rename Parameter,95,True
9a2320e34b141855f0e3a02d4c2574235dcff89c,Rename Variable,16,True
9b97ebeb4fc587ca0c5872d8bea1d833b5fa5eb9,Change Return Type,2,True
9b97ebeb4fc587ca0c5872d8bea1d833b5fa5eb9,Extract Variable,1,True
9b97ebeb4fc587ca0c5872d8bea1d833b5fa5eb9,Invert Condition,1,True
9badab6bbb5fdcfc191306ebb8e597dfaa218aa2,Extract Variable,1,True
9c431ef2f11b47b186929b81e412a65ba80110d0,Extract Variable,2,True
9cec4aa3f4ece3414256eb5a24780a9c93a9a904,Add Variable Modifier,4,True
9cec4aa3f4ece3414256eb5a24780a9c93a9a904,Extract Variable,2,True
9d0709dd049e5acd6633d975543ffb0eb049d0d9,Add Attribute Modifier,1,True
9d0709dd049e5acd6633d975543ffb0eb049d0d9,Add Class Annotation,1,True
9d0709dd049e5acd6633d975543ffb0eb049d0d9,Add Parameter,1,True
9d0709dd049e5acd6633d975543ffb0eb049d0d9,Change Attribute Type,1,True
9d0709dd049e5acd6633d975543ffb0eb049d0d9,Extract Method,2,True
9d0709dd049e5acd6633d975543ffb0eb049d0d9,Modify Class Annotation,1,True
9d0709dd049e5acd6633d975543ffb0eb049d0d9,Move Code,1,True
9d0709dd049e5acd6633d975543ffb0eb049d0d9,Parameterize Attribute,2,True
9d0709dd049e5acd6633d975543ffb0eb049d0d9,Remove Attribute Modifier,1,True
9d0709dd049e5acd6633d975543ffb0eb049d0d9,Remove Class Annotation,1,True
9d0709dd049e5acd6633d975543ffb0eb049d0d9,Rename Method,1,True
9d1f515d6dc44de18fa68004af56c9c2050f8ba4,Add Parameter Annotation,6,True
9d1f515d6dc44de18fa68004af56c9c2050f8ba4,Remove Parameter Annotation,6,True
9da6c6ba77299aae882338c5c019b1db576bbcfa,Invert Condition,1,True
9def4ceb9b9780adf635b987f4498c51b339c9fd,Rename Parameter,1,True
9e24d645dfdd3c0586c6320b58978408e21d95fb,Rename Method,8,True
9ef24a9e3847cd92239a8ab792e973bcd1427fa3,Add Attribute Modifier,2,True
9ef24a9e3847cd92239a8ab792e973bcd1427fa3,Add Parameter,5,True
9ef24a9e3847cd92239a8ab792e973bcd1427fa3,Move Attribute,1,True
9ef24a9e3847cd92239a8ab792e973bcd1427fa3,Remove Attribute Annotation,2,True
9ef24a9e3847cd92239a8ab792e973bcd1427fa3,Remove Class Annotation,2,True
9ef24a9e3847cd92239a8ab792e973bcd1427fa3,Remove Parameter,1,True
9f5dc950fa30c6dc62b962213592919f5ef9a5c2,Add Class Annotation,2,True
9f5dc950fa30c6dc62b962213592919f5ef9a5c2,Add Parameter,4,True
9f5dc950fa30c6dc62b962213592919f5ef9a5c2,Modify Method Annotation,2,True
9f8f294c6e8005d33aceaa3d74aa91ded4ea3a63,Add Method Modifier,1,True
9f8f294c6e8005d33aceaa3d74aa91ded4ea3a63,Change Method Access Modifier,1,True
9f8f294c6e8005d33aceaa3d74aa91ded4ea3a63,Move Method,1,True
9f95b85e43a0b53b63cb6dde67bf5d86577cdeb5,Add Parameter,2,True
9f95b85e43a0b53b63cb6dde67bf5d86577cdeb5,Replace Conditional With Ternary,1,True
a039f3b45ad433bf26606928f3c8e190278e5324,Change Attribute Type,1,True
a039f3b45ad433bf26606928f3c8e190278e5324,Change Parameter Type,1,True
a039f3b45ad433bf26606928f3c8e190278e5324,Change Return Type,2,True
a039f3b45ad433bf26606928f3c8e190278e5324,Change Variable Type,1,True
a039f3b45ad433bf26606928f3c8e190278e5324,Rename Attribute,1,True
a039f3b45ad433bf26606928f3c8e190278e5324,Rename Class,1,True
a096289ed77d50fff5635892d39096475dfc8b2c,Rename Parameter,1,True
a1111ec7640a591d484898a541ef0f63f4a18e57,Add Class Annotation,1,True
a1111ec7640a591d484898a541ef0f63f4a18e57,Extract Method,19,True
a1111ec7640a591d484898a541ef0f63f4a18e57,Extract Variable,4,True
a1111ec7640a591d484898a541ef0f63f4a18e57,Replace Conditional With Ternary,4,True
a112adb55be5e931eab7a00917098c6088618395,Change Variable Type,10,True
a112adb55be5e931eab7a00917098c6088618395,Extract Attribute,1,True
a112adb55be5e931eab7a00917098c6088618395,Extract Method,1,True
a112adb55be5e931eab7a00917098c6088618395,Extract Variable,2,True
a112adb55be5e931eab7a00917098c6088618395,Rename Variable,2,True
a112adb55be5e931eab7a00917098c6088618395,Replace Variable With Attribute,1,True
a112adb55be5e931eab7a00917098c6088618395,Try With Resources,1,True
a14c00c915691de84d76ff42ec0bed9d16d1062d,Add Method Annotation,16,True
a207a7ff693005762e6d5960e5c8d6eaad046ce2,Rename Method,2,True
a234db6950b9ed70188bb2233c898aa16d2f1595,Rename Parameter,2,True
a2485b74f201fe276175b93bc7586907e1ee1ae7,Modify Class Annotation,1,True
a36ae04fb90622aaae1e748db6ec1915f7e43649,Change Attribute Type,1,True
a4a6a67c6228866c2bf801b9463f9e6ca25d1f35,Change Method Access Modifier,1,True
a5130bfaf813742a3dc1b35a6203084e90d625dd,Move Class,3,True
a659b40c9eaa6f1f78e879bd32c9dff633012f2b,Extract Method,1,True
a66410b72e994d5555fd89ef4e9045a77f31139b,Add Class Annotation,1,True
a66410b72e994d5555fd89ef4e9045a77f31139b,Remove Class Annotation,1,True
a720199c15c18ca7baedd90fd91811ec92059e6f,Change Parameter Type,2,True
a720199c15c18ca7baedd90fd91811ec92059e6f,Rename Parameter,2,True
a73c1f774fe19de48872e0a3b2286dece9f66260,Add Method Annotation,1,True
a7b80c7f7ef4131a48b4636b6fc98ec9b06bbddc,Extract Method,9,True
a7b80c7f7ef4131a48b4636b6fc98ec9b06bbddc,Invert Condition,2,True
a7b80c7f7ef4131a48b4636b6fc98ec9b06bbddc,Merge Conditional,8,True
a7b80c7f7ef4131a48b4636b6fc98ec9b06bbddc,Rename Variable,5,True
a7fc226c49f7724e7e26e57320a4e94ef117f0b9,Add Attribute Annotation,1,True
a7fc226c49f7724e7e26e57320a4e94ef117f0b9,Add Attribute Modifier,1,True
a7fc226c49f7724e7e26e57320a4e94ef117f0b9,Change Attribute Type,2,True
a7fc226c49f7724e7e26e57320a4e94ef117f0b9,Change Parameter Type,1,True
a7fc226c49f7724e7e26e57320a4e94ef117f0b9,Change Return Type,2,True
a7fc226c49f7724e7e26e57320a4e94ef117f0b9,Change Type Declaration Kind,1,True
a7fc226c49f7724e7e26e57320a4e94ef117f0b9,Encapsulate Attribute,1,True
a7fc226c49f7724e7e26e57320a4e94ef117f0b9,Extract Class,1,True
a7fc226c49f7724e7e26e57320a4e94ef117f0b9,Move Attribute,1,True
a7fc226c49f7724e7e26e57320a4e94ef117f0b9,Rename Attribute,1,True
a7fc226c49f7724e7e26e57320a4e94ef117f0b9,Rename Class,1,True
a7fc226c49f7724e7e26e57320a4e94ef117f0b9,Rename Method,3,True
a7fc226c49f7724e7e26e57320a4e94ef117f0b9,Rename Parameter,1,True
a806a9bc4ea3876eb93981185ef206b822f8ae32,Add Parameter,1,True
a8bf6ac1e1e911f01bc1bbc046fd7ef7ef0e66ad,Change Return Type,2,True
a8bf6ac1e1e911f01bc1bbc046fd7ef7ef0e66ad,Extract Variable,1,True
a8bf6ac1e1e911f01bc1bbc046fd7ef7ef0e66ad,Invert Condition,1,True
a8d0cd2a677341095b016ec96492d629ed45a61d,Change Class Access Modifier,13,True
a991db9b7e56665c901c0a490c82f4a91262b805,Extract Method,1,True
ab6d0633370174ecc07262604b5de39a5220d34e,Add Parameter,2,True
ab6d0633370174ecc07262604b5de39a5220d34e,Change Return Type,2,True
ab6d0633370174ecc07262604b5de39a5220d34e,Change Variable Type,1,True
ab6d0633370174ecc07262604b5de39a5220d34e,Extract Variable,1,True
ab6d0633370174ecc07262604b5de39a5220d34e,Modify Method Annotation,1,True
abb1fe8f3aae5c0b644db9ea2d842157e40fc382,Add Method Annotation,1,True
aca54db97472ca73dee3619c5468728466c2672e,Change Attribute Access Modifier,8,True
aca54db97472ca73dee3619c5468728466c2672e,Encapsulate Attribute,8,True
aca54db97472ca73dee3619c5468728466c2672e,Extract And Move Method,23,True
ad3e90f77e804db10792e228c11bf7bc20736bcb,Change Parameter Type,1,True
ae45a0ecf41b594ae6648d48ec026e167f836ca9,Add Attribute Modifier,2,True
ae45a0ecf41b594ae6648d48ec026e167f836ca9,Change Variable Type,1,True
ae45a0ecf41b594ae6648d48ec026e167f836ca9,Extract Variable,1,True
ae45a0ecf41b594ae6648d48ec026e167f836ca9,Merge Conditional,2,True
ae45a0ecf41b594ae6648d48ec026e167f836ca9,Rename Variable,1,True
aeddb804da343756dd7dc384a05382469ffdc18d,Add Parameter,10,True
aeddb804da343756dd7dc384a05382469ffdc18d,Extract Method,1,True
af26f9fb77ed9482bc02dbc4069af4635ef23207,Rename Variable,2,True
afb9c5b4b8424da115fcb00734f70048eb49c0fe,Try With Resources,33,True
aff58f8127b53c6d848e68a97a8071a3337ab9b0,Add Attribute Annotation,1,True
aff58f8127b53c6d848e68a97a8071a3337ab9b0,Change Attribute Type,1,True
aff58f8127b53c6d848e68a97a8071a3337ab9b0,Remove Attribute Annotation,1,True
aff58f8127b53c6d848e68a97a8071a3337ab9b0,Rename Attribute,1,True
b02eb4c5b725bd8491c6d7074230a042dbd36f5f,Rename Method,3,True
b02eb4c5b725bd8491c6d7074230a042dbd36f5f,Rename Parameter,6,True
b02eb4c5b725bd8491c6d7074230a042dbd36f5f,Rename Variable,1,True
b0b5d8ed8568cc06b1e75b38afdfee0f3582043e,Extract Variable,2,True
b155ebddca8d712260171ebd256c667e813422e8,Encapsulate Attribute,1,True
b200a252bd4e2b1984ec6649b3c0cc0f1efcd7b0,Add Class Annotation,8,True
b200a252bd4e2b1984ec6649b3c0cc0f1efcd7b0,Add Method Annotation,13,True
b200a252bd4e2b1984ec6649b3c0cc0f1efcd7b0,Modify Method Annotation,12,True
b25f173b3efcd6cf7c7834167ef430a1029ce77a,Change Variable Type,3,True
b314a663e82b3523ae79c14502879664b41a395b,Move Attribute,1,True
b35595e16f90ded929a80aa46d4122816d3575fc,Add Attribute Modifier,1,True
b35595e16f90ded929a80aa46d4122816d3575fc,Add Method Annotation,21,True
b35595e16f90ded929a80aa46d4122816d3575fc,Change Parameter Type,1,True
b35595e16f90ded929a80aa46d4122816d3575fc,Change Variable Type,1,True
b35595e16f90ded929a80aa46d4122816d3575fc,Inline Variable,1,True
b35595e16f90ded929a80aa46d4122816d3575fc,Merge Conditional,1,True
b35595e16f90ded929a80aa46d4122816d3575fc,Move And Rename Class,1,True
b35595e16f90ded929a80aa46d4122816d3575fc,Move Class,15,True
b35595e16f90ded929a80aa46d4122816d3575fc,Remove Class Modifier,1,True
b35595e16f90ded929a80aa46d4122816d3575fc,Remove Method Annotation,1,True
b35595e16f90ded929a80aa46d4122816d3575fc,Remove Variable Modifier,1,True
b35595e16f90ded929a80aa46d4122816d3575fc,Rename Parameter,1,True
b37d066501b6e64ed15f2e7fd7983959476518c9,Extract Method,7,True
b3d0408482454c7433d51eb49e23e434f05faadd,Rename Attribute,1,True
b3f3989d737c04215fad6439eac2eb537a1d4bf3,Extract Method,2,True
b3f3989d737c04215fad6439eac2eb537a1d4bf3,Invert Condition,1,True
b40940b202b13cf7a8c9fada80ca393a5c9138b0,Add Class Annotation,1,True
b420c74c3b852bd22d940e640f56340040c369b7,Change Variable Type,3,True
b42729750fd9ad761ee02d3a2ada40a6ad44bdbc,Add Attribute Modifier,1,True
b42729750fd9ad761ee02d3a2ada40a6ad44bdbc,Change Attribute Type,2,True
b42729750fd9ad761ee02d3a2ada40a6ad44bdbc,Extract Method,2,True
b42729750fd9ad761ee02d3a2ada40a6ad44bdbc,Remove Attribute Modifier,1,True
b42729750fd9ad761ee02d3a2ada40a6ad44bdbc,Remove Method Modifier,1,True
b42729750fd9ad761ee02d3a2ada40a6ad44bdbc,Rename Attribute,1,True
b4598e10bb862441bafe5edd29b6fa3de7f95763,Change Variable Type,1,True
b4874c635d55a05bb623232c2098366ae9ead719,Add Attribute Modifier,8,True
b4874c635d55a05bb623232c2098366ae9ead719,Change Type Declaration Kind,2,True
b52aa66a66daa8c62d1628e5ff1ddf1546c8e4f4,Modify Method Annotation,2,True
b570c479131d8831a45df9a04fdf7c2937ec2ed5,Extract Method,2,True
b616f8137a86244e8f4bc558e2d4d51496d395fd,Add Class Annotation,1,True
b6d5dea9dd2c5935a268d0d67ba2f7558164b3b9,Add Method Annotation,2,True
b7afe52fe6c7a8ecdc60ca2e4c451314fe39d3e6,Extract Variable,1,True
b7afe52fe6c7a8ecdc60ca2e4c451314fe39d3e6,Rename Variable,1,True
b7dba7da86965f5237b3cd31d8dc979ab87a7de2,Rename Method,1,True
b80678ec1a21ce59da4b987172c3bf112434729a,Change Variable Type,1,True
b80678ec1a21ce59da4b987172c3bf112434729a,Rename Variable,1,True
b8f7bab05d1280c6ec8c83d6f1be00337e854ba9,Inline Variable,2,True
b93e76dd121150881d4c2ab45b039a06de530993,Add Parameter,1,True
ba224c0d56841e5749a77d8ee0cbe4458cfbccb5,Change Return Type,2,True
ba224c0d56841e5749a77d8ee0cbe4458cfbccb5,Replace Variable With Attribute,12,True
bad73fa03ff00f3c5631fe41781972534c8a12f8,Change Attribute Access Modifier,1,True
bb373d2632274010bd85c61699246ff12987211a,Change Attribute Type,2,True
bc369fee2b7dcb8ad28ab97537a48920d993fdd2,Rename Method,2,True
bcfd55f70e0af9098ae2c406832135853f698d7a,Rename Method,1,True
bda71a7af974140dbdc8328bdd55f815e07afa38,Extract Method,2,True
bdae64cb575958682babf79a6798474ffd425dfd,Invert Condition,1,True
be34a9e493370c72b6c7fa0348d9897fcce1076f,Rename Attribute,1,True
bee10149921de2b72446e9ce8fdd8f3f1fd57195,Extract Method,11,True
bee10149921de2b72446e9ce8fdd8f3f1fd57195,Rename Variable,9,True
beebed7e1ec1fa04e161e0f7c8e435293fa680b7,Rename Method,3,True
bf7e96ed0541baa759bb3d3106539010b4829fc5,Extract Variable,1,True
c1ec9b59a86b0108e17e22f6fd1e25792b6992a6,Add Parameter,1,True
c34210fb10ac7bc2ae7bec58bb747bfd552db514,Change Variable Type,19,True
c34210fb10ac7bc2ae7bec58bb747bfd552db514,Rename Variable,16,True
c46980239600fbe59b3bf065243cdc8f93aa9b6a,Add Parameter,1,True
c46980239600fbe59b3bf065243cdc8f93aa9b6a,Extract Method,2,True
c4b6c809293947a619529a2c395396ac97f69145,Move Class,1,True
c4b6c809293947a619529a2c395396ac97f69145,Remove Thrown Exception Type,1,True
c4e5d9c08b4fe3c289800fc9fb3b0b3a3685e91b,Add Thrown Exception Type,1,True
c4e5d9c08b4fe3c289800fc9fb3b0b3a3685e91b,Assert Throws,1,True
c533bad6c36ca9c7b2a7f4eb4970b1ac5036d35a,Add Parameter,1,True
c533bad6c36ca9c7b2a7f4eb4970b1ac5036d35a,Extract Variable,1,True
c533bad6c36ca9c7b2a7f4eb4970b1ac5036d35a,Remove Parameter,3,True
c533bad6c36ca9c7b2a7f4eb4970b1ac5036d35a,Rename Variable,1,True
c533bad6c36ca9c7b2a7f4eb4970b1ac5036d35a,Replace Pipeline With Loop,1,True
c636e24ba13292ed9da1a2d8f32d0c032dc0495b,Extract Variable,3,True
c636e24ba13292ed9da1a2d8f32d0c032dc0495b,Split Conditional,1,True
c651372c2390bd5dbb4ee12fe88ee4ef2aa25a4b,Change Variable Type,1,True
c651372c2390bd5dbb4ee12fe88ee4ef2aa25a4b,Rename Variable,2,True
c684fab33f81b03e665b8ed9b9aa9353c14b68eb,Invert Condition,2,True
c684fab33f81b03e665b8ed9b9aa9353c14b68eb,Rename Attribute,53,True
c6ddbc93eb4fa88b30d93a3c7ef0a8d1c44af2fa,Rename Attribute,1,True
c6ddbc93eb4fa88b30d93a3c7ef0a8d1c44af2fa,Rename Method,2,True
c6ddbc93eb4fa88b30d93a3c7ef0a8d1c44af2fa,Rename Parameter,1,True
c7196857509ae014902b9a38025e56a87f20b8c1,Change Attribute Access Modifier,1,True
c7196857509ae014902b9a38025e56a87f20b8c1,Change Variable Type,1,True
c7196857509ae014902b9a38025e56a87f20b8c1,Encapsulate Attribute,1,True
c7196857509ae014902b9a38025e56a87f20b8c1,Remove Attribute Modifier,1,True
c7c64fc8745be907b31ff8d0edb3fc2dc8b7844a,Move Code,1,True
c854a3ee3b07e14d2ad5bf8e399aaaab22e56b39,Change Variable Type,4,True
c9c8eb5a1ae226ace77530d1878f227e8426662d,Change Parameter Type,1,True
c9d6ff32644e517dc383d96133120435aad1ae9c,Extract Method,6,True
c9d6ff32644e517dc383d96133120435aad1ae9c,Parameterize Variable,6,True
caf1c55ee47195e01c4be896b6f08e264c7a18b6,Extract Variable,2,True
cb16d2ccd84ae380922b58791b5495b7f55b5d69,Extract Variable,1,True
cb8627c1f8227c8cbbdfa7c85226d0a9d74843b3,Change Variable Type,7,True
cb8627c1f8227c8cbbdfa7c85226d0a9d74843b3,Inline Variable,1,True
cb8627c1f8227c8cbbdfa7c85226d0a9d74843b3,Rename Variable,1,True
cb8627c1f8227c8cbbdfa7c85226d0a9d74843b3,Replace Generic With Diamond,1,True
cc314191066dd888386f4abf6168c0d0dabb0bd8,Rename Parameter,1,True
cc85d4b0a81e78ea9dda9467af656b0f6abb7ece,Move Source Folder,1,True
ce2a105e3b8022f8c9a55cf20a41a8c7e5328d2c,Change Attribute Type,6,True
ce2a105e3b8022f8c9a55cf20a41a8c7e5328d2c,Change Parameter Type,12,True
ce2a105e3b8022f8c9a55cf20a41a8c7e5328d2c,Change Return Type,6,True
ce2a105e3b8022f8c9a55cf20a41a8c7e5328d2c,Extract Variable,2,True
cf62c8ee90eed7b267856392001bdf1e64aa59cd,Modify Class Annotation,1,True
cf8765ed3cc978a1367132441cc61eb0bc10acdb,Extract Method,1,True
cfb6c674670a0051e6c2e245bd62a41111915d62,Extract Method,2,True
d090f78cd6295acf38ce90d297ca430b0aa6264a,Rename Variable,3,True
d16a0f02b917aaf2be9afad16d3f763b22ff38e8,Change Variable Type,27,True
d211879d54cbe1dc1ccc4f6bc8a0277b8ac82784,Add Parameter,1,True
d2597caff855bdd30907356e3156bfe57e376388,Add Attribute Annotation,19,True
d2597caff855bdd30907356e3156bfe57e376388,Add Parameter Annotation,4,True
d3028a29133ca00f1802cdd6d4a503b185916ccd,Change Variable Type,1,True
d3028a29133ca00f1802cdd6d4a503b185916ccd,Extract Method,1,True
d3028a29133ca00f1802cdd6d4a503b185916ccd,Rename Variable,2,True
d35aa8a249ee3e93eff033accdea122746bfb496,Modify Attribute Annotation,1,True
d35aa8a249ee3e93eff033accdea122746bfb496,Rename Attribute,2,True
d35aa8a249ee3e93eff033accdea122746bfb496,Rename Method,3,True
d35aa8a249ee3e93eff033accdea122746bfb496,Rename Parameter,1,True
d434c4bacbef726b3a621e791e9970954d735232,Add Parameter,1,True
d434c4bacbef726b3a621e791e9970954d735232,Change Attribute Access Modifier,1,True
d434c4bacbef726b3a621e791e9970954d735232,Change Attribute Type,1,True
d434c4bacbef726b3a621e791e9970954d735232,Change Parameter Type,2,True
d434c4bacbef726b3a621e791e9970954d735232,Change Return Type,2,True
d434c4bacbef726b3a621e791e9970954d735232,Change Variable Type,5,True
d434c4bacbef726b3a621e791e9970954d735232,Encapsulate Attribute,2,True
d434c4bacbef726b3a621e791e9970954d735232,Extract Subclass,1,True
d434c4bacbef726b3a621e791e9970954d735232,Push Down Attribute,3,True
d434c4bacbef726b3a621e791e9970954d735232,Push Down Method,1,True
d434c4bacbef726b3a621e791e9970954d735232,Remove Class Annotation,2,True
d434c4bacbef726b3a621e791e9970954d735232,Remove Parameter,3,True
d434c4bacbef726b3a621e791e9970954d735232,Rename Variable,1,True
d4a77a8be030f15d9489ffa8a3ee207dda7cb5cf,Add Method Annotation,1,True
d4a77a8be030f15d9489ffa8a3ee207dda7cb5cf,Change Attribute Type,2,True
d4a77a8be030f15d9489ffa8a3ee207dda7cb5cf,Change Method Access Modifier,1,True
d4a77a8be030f15d9489ffa8a3ee207dda7cb5cf,Change Variable Type,2,True
d4a77a8be030f15d9489ffa8a3ee207dda7cb5cf,Extract And Move Method,1,True
d4a77a8be030f15d9489ffa8a3ee207dda7cb5cf,Extract Interface,1,True
d4a77a8be030f15d9489ffa8a3ee207dda7cb5cf,Extract Method,1,True
d4a77a8be030f15d9489ffa8a3ee207dda7cb5cf,Extract Variable,4,True
d4a77a8be030f15d9489ffa8a3ee207dda7cb5cf,Rename Method,1,True
d4a77a8be030f15d9489ffa8a3ee207dda7cb5cf,Rename Parameter,2,True
d4a77a8be030f15d9489ffa8a3ee207dda7cb5cf,Rename Variable,1,True
d519d85ba8fc414c3be498583c5339fa6817bf58,Rename Variable,2,True
d51f326a52ec0025bcd5398c675f5bd6fe2d6fab,Change Variable Type,1,True
d51f326a52ec0025bcd5398c675f5bd6fe2d6fab,Rename Variable,1,True
d5f93110279672d74f2970c1590b0a81378ed4b0,Extract Variable,6,True
d6d02c8e72c515d00a9980e46cb62553100bf2ff,Change Return Type,1,True
d88792d0d46ed608b7cf2ccce87ac6416018a708,Rename Variable,1,True
d921cf52c70d6f3403f1555855aa001267fe2b72,Change Attribute Type,8,True
d921cf52c70d6f3403f1555855aa001267fe2b72,Change Parameter Type,8,True
d921cf52c70d6f3403f1555855aa001267fe2b72,Change Return Type,17,True
d921cf52c70d6f3403f1555855aa001267fe2b72,Change Variable Type,124,True
d921cf52c70d6f3403f1555855aa001267fe2b72,Inline Method,24,True
d921cf52c70d6f3403f1555855aa001267fe2b72,Move And Inline Method,506,True
d921cf52c70d6f3403f1555855aa001267fe2b72,Rename Variable,9,True
d943262dc6543c3f227ab878a0b8c2229227c6cd,Add Class Annotation,1,True
d94a68ff7a86c302f9267611bb93570529701faa,Extract Method,1,True
d97d29427e599ab93c976144bc3c82c31b35b004,Modify Attribute Annotation,1,True
da352a470d06209f9cf4b08966532673e3a76b24,Rename Parameter,68,True
da73052a6157961910ad1bcd111ff0fb4f63d341,Change Variable Type,1,True
db44076fb66a889753361b155eb61d9d55620998,Change Attribute Type,1,True
db44076fb66a889753361b155eb61d9d55620998,Change Parameter Type,1,True
db5a1cd729d57013b7e53129ef429f320847af8a,Add Attribute Modifier,10,True
db5a1cd729d57013b7e53129ef429f320847af8a,Change Return Type,2,True
db5a1cd729d57013b7e53129ef429f320847af8a,Change Type Declaration Kind,2,True
db5a1cd729d57013b7e53129ef429f320847af8a,Merge Conditional,2,True
db5a1cd729d57013b7e53129ef429f320847af8a,Remove Variable Modifier,1,True
db5a1cd729d57013b7e53129ef429f320847af8a,Rename Method,1,True
db5a1cd729d57013b7e53129ef429f320847af8a,Rename Parameter,1,True
db5a1cd729d57013b7e53129ef429f320847af8a,Replace Conditional With Ternary,2,True
db5a1cd729d57013b7e53129ef429f320847af8a,Replace Loop With Pipeline,1,True
db5a1cd729d57013b7e53129ef429f320847af8a,Replace Variable With Attribute,1,True
dd0ad10b301ccdbae142688d1d5538e6d2dcc1b0,Extract Method,1,True
dea4ede9e6ea0d385700a9ba621191d423a49249,Add Parameter,1,True
dea4ede9e6ea0d385700a9ba621191d423a49249,Extract Variable,1,True
decad710e0a5724f81c3381c3d17dbffd1cbb7a2,Remove Thrown Exception Type,1,True
dededd4c6b571a38f40bb68546c225072457808c,Add Attribute Annotation,1,True
dededd4c6b571a38f40bb68546c225072457808c,Add Parameter Annotation,1,True
dededd4c6b571a38f40bb68546c225072457808c,Change Method Access Modifier,1,True
dededd4c6b571a38f40bb68546c225072457808c,Move Method,4,True
dededd4c6b571a38f40bb68546c225072457808c,Remove Method Modifier,2,True
dededd4c6b571a38f40bb68546c225072457808c,Remove Parameter,2,True
dededd4c6b571a38f40bb68546c225072457808c,Rename Class,1,True
df0242deb582623bf0a866723ca5f470a52d5b5f,Add Parameter,1,True
df3376f7ba760b3e2c34084e5021e9e8b9fba50d,Try With Resources,1,True
df3b02ee72c6b5c50ccc7770a753836bf75a986e,Extract Variable,2,True
e125749f6c944b50d31cabc03ce5f1b1432b4ec9,Extract Class,1,True
e125749f6c944b50d31cabc03ce5f1b1432b4ec9,Move Method,2,True
e197376d07caa15f3582b1ffd0d87f831edf8664,Add Parameter Annotation,1,True
e197376d07caa15f3582b1ffd0d87f831edf8664,Invert Condition,1,True
e246e5eed25a8aeeca1449c3ae90ad60c43fbe8d,Extract Variable,1,True
e4390e7a48e375a1c9d829d6a89fe6a734a4892b,Extract Variable,2,True
e5541571820098923f7ec4eab2095d39bf788714,Extract Variable,1,True
e57ee99f9d39a315bc745ecd5d56a8e554c465a6,Modify Method Annotation,1,True
e5841a82aca9d444cb4c2e26387c255757ff353d,Inline Variable,2,True
e5b8c1fb069b89df59c5f0625ae2ad9932f4e95f,Change Variable Type,11,True
e5bc4bcb219480a7b0ea6396b421f81f23ad6a1d,Extract Method,1,True
e5bc4bcb219480a7b0ea6396b421f81f23ad6a1d,Extract Variable,1,True
e5f4fe609d7d47bc8d3ee4d6dc6afafe42f255d5,Extract Attribute,1,True
e685baf3053052b8d8f1a9a2e2b2c1279ee18a79,Add Variable Annotation,1,True
e685baf3053052b8d8f1a9a2e2b2c1279ee18a79,Change Attribute Type,3,True
e685baf3053052b8d8f1a9a2e2b2c1279ee18a79,Change Return Type,1,True
e685baf3053052b8d8f1a9a2e2b2c1279ee18a79,Change Variable Type,7,True
e685baf3053052b8d8f1a9a2e2b2c1279ee18a79,Rename Variable,2,True
e7125bb8e056bf8eeae1fc11589ec8e7a343cc03,Change Class Access Modifier,2,True
e7d86cf1f4f5b889c7b9fe28616e9f8419e64b8d,Change Attribute Type,1,True
e7d86cf1f4f5b889c7b9fe28616e9f8419e64b8d,Change Return Type,1,True
e8df797fabc6b1e36c31be2c9ca7ebebe889072d,Rename Variable,2,True
e95aa5ab0c4d0967a93a9b4d353dd8ccfea58a34,Add Parameter,3,True
e95aa5ab0c4d0967a93a9b4d353dd8ccfea58a34,Modify Method Annotation,1,True
ea30653718eeb112c207dd6c86b5ee709a08435e,Add Attribute Modifier,58,True
ea30653718eeb112c207dd6c86b5ee709a08435e,Change Attribute Access Modifier,1,True
ea30653718eeb112c207dd6c86b5ee709a08435e,Change Type Declaration Kind,18,True
eae4693b3137c423b0784fb53d4c69af1bba0b71,Add Parameter,8,True
eae4693b3137c423b0784fb53d4c69af1bba0b71,Move And Rename Class,1,True
eae4693b3137c423b0784fb53d4c69af1bba0b71,Move Class,2,True
eae4693b3137c423b0784fb53d4c69af1bba0b71,Remove Attribute Modifier,1,True
eae4693b3137c423b0784fb53d4c69af1bba0b71,Remove Class Modifier,1,True
eae4693b3137c423b0784fb53d4c69af1bba0b71,Remove Method Modifier,5,True
eae4693b3137c423b0784fb53d4c69af1bba0b71,Rename Attribute,1,True
eae4693b3137c423b0784fb53d4c69af1bba0b71,Rename Class,1,True
eb4bfa43dd16e6ad2b30b1852dea8ee5840958c3,Rename Attribute,4,True
eb4bfa43dd16e6ad2b30b1852dea8ee5840958c3,Rename Method,8,True
eb4bfa43dd16e6ad2b30b1852dea8ee5840958c3,Rename Parameter,5,True
eb7591ed8759507f774ee674f6ab4111ae323c45,Extract Variable,1,True
eb8e9b239741aeab29694d7911316bd1a6c3ad06,Rename Variable,1,True
ebbf3bec6dc7d8d2f9bb9aefdf4440055f2f5e05,Rename Method,1,True
ebbf3bec6dc7d8d2f9bb9aefdf4440055f2f5e05,Rename Variable,1,True
ec1e388206040caba8710a612b310f3463d16a51,Add Class Annotation,2,True
ec7fcefb8276b884f101d306f58ebdbc22c3e765,Change Attribute Type,1,True
ec7fcefb8276b884f101d306f58ebdbc22c3e765,Extract Variable,1,True
ec7fcefb8276b884f101d306f58ebdbc22c3e765,Inline Variable,1,True
ed6346bd72f56fd1aa46957e46add735e195695c,Extract Variable,1,True
ed8b28f0f40af456f2536f7882869c91617253ee,Change Class Access Modifier,1,True
ede261fabf691dfe1d7cbe89848a03c172d274bf,Add Parameter,1,True
ede261fabf691dfe1d7cbe89848a03c172d274bf,Change Attribute Type,2,True
ede261fabf691dfe1d7cbe89848a03c172d274bf,Extract And Move Method,1,True
ede261fabf691dfe1d7cbe89848a03c172d274bf,Replace Conditional With Ternary,1,True
eebf7c1b64c4dbe384e5ffdf347b810292d9e204,Add Class Annotation,1,True
eebf7c1b64c4dbe384e5ffdf347b810292d9e204,Remove Class Annotation,1,True
ef5ce9840e5baefd13736cf7da20336d257bf6b5,Add Attribute Modifier,1,True
ef5ce9840e5baefd13736cf7da20336d257bf6b5,Change Type Declaration Kind,1,True
ef5ce9840e5baefd13736cf7da20336d257bf6b5,Inline Variable,1,True
ef5ce9840e5baefd13736cf7da20336d257bf6b5,Modify Method Annotation,1,True
efa97e90aa943fbf5e4ce2c21c5024c37b9bf2ac,Rename Method,1,True
eff54c6eb3ce0756e3c3fc0ca32b2c030eddbeac,Add Attribute Modifier,1,True
f00e5502823baa56720c23b25257ca0cbc534562,Change Attribute Type,1,True
f00e5502823baa56720c23b25257ca0cbc534562,Change Variable Type,1,True
f039e81e83a68f02e86959cccfa27eb331127826,Rename Attribute,1,True
f04a18bf62e4b160c05e93a41dad6776a81bc1e8,Extract Method,1,True
f0bbef8ba2899da7e4e6d9f2d4731b256d3a318d,Extract Variable,1,True
f0bbef8ba2899da7e4e6d9f2d4731b256d3a318d,Rename Variable,1,True
f0ce042ec3c9df3ab0a3d74bbd44ea7e9ccde9d4,Extract Variable,1,True
f10cbab471d9a5c6b0cc2c4630d7428cd80be422,Extract Method,1,True
f21358395baf8adb9fc1355e4f526295b5e6be85,Add Attribute Annotation,40,True
f21358395baf8adb9fc1355e4f526295b5e6be85,Add Attribute Modifier,22,True
f21358395baf8adb9fc1355e4f526295b5e6be85,Add Method Annotation,39,True
f21358395baf8adb9fc1355e4f526295b5e6be85,Add Method Modifier,1,True
f21358395baf8adb9fc1355e4f526295b5e6be85,Add Thrown Exception Type,1,True
f21358395baf8adb9fc1355e4f526295b5e6be85,Change Attribute Access Modifier,42,True
f21358395baf8adb9fc1355e4f526295b5e6be85,Change Attribute Type,42,True
f21358395baf8adb9fc1355e4f526295b5e6be85,Change Class Access Modifier,38,True
f21358395baf8adb9fc1355e4f526295b5e6be85,Change Method Access Modifier,104,True
f21358395baf8adb9fc1355e4f526295b5e6be85,Change Return Type,3,True
f21358395baf8adb9fc1355e4f526295b5e6be85,Remove Method Annotation,39,True
f2d933fc00211168f8af51f3e97ed35c604c98e3,Extract Method,2,True
f2d933fc00211168f8af51f3e97ed35c604c98e3,Replace Loop With Pipeline,2,True
f305e94c749047d6a22bd61362f9bda504a1ef01,Extract Variable,2,True
f31f4bf25a6379fe96fa3ce1b708dfcd0fe4273c,Add Attribute Modifier,1,True
f3b314af92ebf01b0f76c87fb64663cad2a70413,Change Attribute Type,8,True
f3cdf33ed2319c91ab5401a496ae36f4494a3136,Extract Variable,1,True
f3df76ad85d8718d4abc9962dad56398e5b806e8,Add Attribute Annotation,1,True
f3df76ad85d8718d4abc9962dad56398e5b806e8,Add Attribute Modifier,1,True
f3df76ad85d8718d4abc9962dad56398e5b806e8,Add Class Annotation,1,True
f3df76ad85d8718d4abc9962dad56398e5b806e8,Inline Variable,1,True
f3f1841caa694af3737df1e9c568a653f85eac94,Extract Variable,2,True
f4aaac5d762cd2cc08cdcb7ccad8498d334942e7,Add Method Annotation,8,True
f4aaac5d762cd2cc08cdcb7ccad8498d334942e7,Change Variable Type,2,True
f4aaac5d762cd2cc08cdcb7ccad8498d334942e7,Invert Condition,2,True
f54d26560aeb1d633e8784337bb5943419556545,Change Attribute Type,1,True
f54d26560aeb1d633e8784337bb5943419556545,Change Parameter Type,4,True
f54d26560aeb1d633e8784337bb5943419556545,Change Return Type,1,True
f54d26560aeb1d633e8784337bb5943419556545,Extract Interface,1,True
f54d26560aeb1d633e8784337bb5943419556545,Extract Superclass,1,True
f54d26560aeb1d633e8784337bb5943419556545,Pull Up Method,2,True
f59a733dc6e943c7db42287cdfed70bdca48eb5f,Extract Variable,1,True
f683011f149cb231e4f482e623ac308679b0ebf3,Remove Method Modifier,1,True
f7a0df31e6f653a128ee71056ac43de52366a7b5,Rename Method,3,True
f7daf27cc03583198638597252e8067bfb525fc9,Invert Condition,2,True
f7daf27cc03583198638597252e8067bfb525fc9,Rename Attribute,55,True
f7daf27cc03583198638597252e8067bfb525fc9,Rename Method,7,True
f7e9f8b01e6b8f24edbdd5aaf5c1daed29d61c2b,Extract Attribute,2,True
f7e9f8b01e6b8f24edbdd5aaf5c1daed29d61c2b,Extract Variable,2,True
f87092ae0bf698845f54d476feb9dbf2d9de1594,Change Variable Type,1,True
f87092ae0bf698845f54d476feb9dbf2d9de1594,Invert Condition,1,True
f88cce081c4a66dded2aa190e376fd3a9e52d736,Rename Variable,1,True
f9617c9f42c5fd2d616a612d2fbea924c99d7c96,Change Attribute Access Modifier,16,True
f9617c9f42c5fd2d616a612d2fbea924c99d7c96,Extract Class,1,True
f9617c9f42c5fd2d616a612d2fbea924c99d7c96,Move Attribute,17,True
f9617c9f42c5fd2d616a612d2fbea924c99d7c96,Move Method,4,True
f9d2bf31fe58a77f92a4edc2932cca35e3fcf062,Extract Variable,2,True
fa7c565136949398a027f1f9daebfd18a6f02157,Inline Variable,1,True
fc05e0a46d1cb902f4da54d374dd53b18b664f0e,Remove Parameter,1,True
fce2be38b6335649f56019d28eead51a105feae8,Rename Attribute,1,True
fce2be38b6335649f56019d28eead51a105feae8,Rename Parameter,1,True
fce2be38b6335649f56019d28eead51a105feae8,Rename Variable,8,True
fe62434bd8155a2d01be8729ab447ef7931e30fa,Change Class Access Modifier,1,True
fe62434bd8155a2d01be8729ab447ef7931e30fa,Extract Method,1,True
fe62434bd8155a2d01be8729ab447ef7931e30fa,Remove Method Modifier,1,True
ff177a1b246bd06f23fdd6d1a7f2b79ab24b6f8c,Change Attribute Type,8,True
ff177a1b246bd06f23fdd6d1a7f2b79ab24b6f8c,Change Parameter Type,3,True
ff177a1b246bd06f23fdd6d1a7f2b79ab24b6f8c,Merge Class,1,True
ff177a1b246bd06f23fdd6d1a7f2b79ab24b6f8c,Move And Rename Class,1,True
ff177a1b246bd06f23fdd6d1a7f2b79ab24b6f8c,Move Class,4,True
ff177a1b246bd06f23fdd6d1a7f2b79ab24b6f8c,Move Method,5,True
ff177a1b246bd06f23fdd6d1a7f2b79ab24b6f8c,Rename Class,1,True
ff177a1b246bd06f23fdd6d1a7f2b79ab24b6f8c,Rename Variable,3,True
ffd8bd34f9daa3503ed7005a0dade3f9917ae046,Add Parameter,1,True
ffd8bd34f9daa3503ed7005a0dade3f9917ae046,Change Return Type,1,True
ffd8bd34f9daa3503ed7005a0dade3f9917ae046,Extract Variable,1,True
ffd8bd34f9daa3503ed7005a0dade3f9917ae046,Parameterize Attribute,1,True
