sha,title,reason,type,confidence,commit_url,pr_url
af0fcd34e2afafff8a02b2257cc1873dc24f5162,Fix compilation errors in optimization implementation,"The commit fixes import issues and changes an attribute type to resolve compilation errors, indicating problems with dependencies and module imports rather than readability or performance issues.",dependency,8,https://github.com/codingSally/devinPractice/commit/af0fcd34e2afafff8a02b2257cc1873dc24f5162,https://github.com/codingSally/devinPractice/pull/51
34ac1cd520f362da1ff6271211ca551abd91c986,Fix tests by requiring hypothesis,"The commit fixes tests by adding a required dependency (hypothesis) to the experiment, indicating the issue was related to missing or incorrect dependencies affecting test execution.",dependency,8,https://github.com/paulofor/marketing-hub/commit/34ac1cd520f362da1ff6271211ca551abd91c986,https://github.com/paulofor/marketing-hub/pull/155
0ec245ec9dad9d1e0f770bdda8a84fb8593e6c64,Upgrade from Java 11 to Java 17 and Spring Boot 2.6.3 to 3.5.4,"The commit addresses compilation errors and method signature mismatches caused by upgrading dependencies, indicating issues with unwanted dependencies and compatibility between modules.",dependency,8,https://github.com/Devin-Workshop-July/spring-boot-realworld-example-app/commit/0ec245ec9dad9d1e0f770bdda8a84fb8593e6c64,https://github.com/Devin-Workshop-July/spring-boot-realworld-example-app/pull/1
a753126ffd46160445ef2ccadc18c215f99aa194,Fix dependency errors,"The commit removes websocket and testcontainers dependencies, indicating the primary motivation is to eliminate unwanted dependencies to other modules.",dependency,9,https://github.com/paulofor/marketing-hub/commit/a753126ffd46160445ef2ccadc18c215f99aa194,https://github.com/paulofor/marketing-hub/pull/20
5b5ec57ac0aef87cc418d76c21369d99829c0564,Fix velocity manager name clash,"The commit addresses a naming conflict by renaming a class to avoid import clashes, which is primarily a dependency issue between modules.",dependency,8,https://github.com/DerGamer009/BungeeSystem/commit/5b5ec57ac0aef87cc418d76c21369d99829c0564,https://github.com/DerGamer009/BungeeSystem/pull/8
d7f1f0e0d6a66836a4f5a96a44d8465a54e039ea,Agregar sincronizaci√≥n de empleados a trav√©s de eventos de Kafka,"The commit introduces synchronization of employees through Kafka events, which likely addresses integration and dependency concerns between modules or systems. The addition of a class annotation suggests a structural or configuration change to support this integration, indicating a focus on managing dependencies rather than readability or performance.",dependency,7,https://github.com/msamia/rrhh/commit/d7f1f0e0d6a66836a4f5a96a44d8465a54e039ea,https://github.com/msamia/rrhh/pull/125
a9fb3db5d90c576a6df0088505db13744253e9fb,Remove pet modules and update frontend to manage properties,"The commit removes pet-related modules and updates the frontend to focus on property listings, which likely simplifies the codebase and reduces unnecessary dependencies on pet modules. This indicates addressing unwanted dependencies to other modules.",dependency,8,https://github.com/srcjp/imovco/commit/a9fb3db5d90c576a6df0088505db13744253e9fb,https://github.com/srcjp/imovco/pull/7
0ab636a1baa4b789d9f0ceaf21aed886ec54ad2f,Add Docker support and CI workflow,"The commit adds Docker support and CI workflow, which typically involves adding new dependencies and integration points with external tools or modules, indicating a focus on managing dependencies.",dependency,7,https://github.com/Mistra-C2B2/MSP-Symphony/commit/0ab636a1baa4b789d9f0ceaf21aed886ec54ad2f,https://github.com/Mistra-C2B2/MSP-Symphony/pull/1
bd37645d012253e6f4d0d2d59eaeb21ae414130b,Switch to Firebase Realtime Database,"The commit introduces Firebase Realtime Database support and migration, which likely involves integrating a new external service and thus adds new dependencies to the project. This change primarily addresses dependency management by incorporating Firebase as a backend service.",dependency,8,https://github.com/anestistsio/QuizApp/commit/bd37645d012253e6f4d0d2d59eaeb21ae414130b,https://github.com/anestistsio/QuizApp/pull/6
59bd976444ec69dfcff23674b28d38cd068e558f,Fix cross-platform test setup,"The commit removes a symlink dependency in the test setup, which likely addresses issues related to dependencies between modules or components. This suggests the primary motivation is to eliminate unwanted dependencies to improve the test environment's robustness and portability across platforms.",dependency,8,https://github.com/lauri0/dino-survival/commit/59bd976444ec69dfcff23674b28d38cd068e558f,https://github.com/lauri0/dino-survival/pull/218
bc53f12f5aa23769125f2de3fce656e52d553ac4,Add MQTT support and WebSocket broadcasting,"The commit involves fixing MQTT property and conditional bean, which suggests addressing configuration or dependency issues related to MQTT support and WebSocket broadcasting. This points to resolving unwanted dependencies or integration problems between modules.",dependency,7,https://github.com/bahramali/NFTBackend/commit/bc53f12f5aa23769125f2de3fce656e52d553ac4,https://github.com/bahramali/NFTBackend/pull/4
ae5329c830d8793d8832962db2ad3022c75d0a19,Use constructor-based injection,"The commit refactors the code to use constructor-based injection, which primarily addresses issues related to unwanted dependencies between modules by making dependencies explicit and easier to manage.",dependency,8,https://github.com/User159951/codex/commit/ae5329c830d8793d8832962db2ad3022c75d0a19,https://github.com/User159951/codex/pull/1
bdd26d699f5fa8d7c53c552c7cfb9dce97daebc1,Switch to Logback,"The commit changes the logging framework to Logback, which likely addresses unwanted dependencies on previous logging modules or frameworks, improving modularity and reducing dependency issues.",dependency,8,https://github.com/horatos/spring-two-data-sources-example/commit/bdd26d699f5fa8d7c53c552c7cfb9dce97daebc1,https://github.com/horatos/spring-two-data-sources-example/pull/13
fcc810bd45051d055f722a4d9138efeecb76675a,Remove custom DI and add Spring-based DtoFactory,"The commit replaces a custom dependency injection mechanism with a Spring-based factory, indicating a move to reduce unwanted dependencies and improve modularity by leveraging a standard framework.",dependency,8,https://github.com/Dragomitch/PAE-PostRemise/commit/fcc810bd45051d055f722a4d9138efeecb76675a,https://github.com/Dragomitch/PAE-PostRemise/pull/58
8c85d52f5523a3c4340d36e4144050b437d44cbf,Upgrade dependencies,"The commit focuses on upgrading dependencies and updating code accordingly, which typically addresses issues related to unwanted or outdated dependencies rather than other code quality aspects.",dependency,8,https://github.com/dsoin/outlook4all/commit/8c85d52f5523a3c4340d36e4144050b437d44cbf,https://github.com/dsoin/outlook4all/pull/2
929f1af25e1f02d639fc8be0694ebc264f193bf3,Fix duplicate title check,"The commit focuses on renaming a variable and updating a title check to fix duplication issues, indicating the primary motivation is to address duplicated code that needs unification.",duplication,8,https://github.com/dilshan34/quiz/commit/929f1af25e1f02d639fc8be0694ebc264f193bf3,https://github.com/dilshan34/quiz/pull/2
dd04eb8868346db54fe50228d938111573872b16,Refactor to reduce duplication,"The commit explicitly mentions refactoring to reduce duplication and introduces utility classes, which indicates the primary motivation is to unify duplicated code segments.",duplication,9,https://github.com/harish-kunta/Cognify/commit/dd04eb8868346db54fe50228d938111573872b16,https://github.com/harish-kunta/Cognify/pull/40
18a838013ac466b2454f966abbace7043c72e5bc,Fix duplicate status update step,"The commit addresses a duplicate status update step, indicating the removal or correction of duplicated code to unify the logic and avoid redundancy.",duplication,8,https://github.com/cihat-kose/restassured-practice-lessons/commit/18a838013ac466b2454f966abbace7043c72e5bc,https://github.com/cihat-kose/restassured-practice-lessons/pull/2
a5ecf51e550aa2c9b3120d4720eba2b1515968bb,Prevent duplicate CC bill settling,"The commit aims to prevent duplicate credit card bill settling, which suggests addressing duplicated code or logic that could cause repeated processing. The refactoring operations include adding an attribute modifier and changing an attribute type, likely to enforce uniqueness or prevent duplication in the code handling billing. This aligns best with the 'duplication' category, as the primary motivation is to avoid duplicated operations.",duplication,8,https://github.com/hmislk/hmis/commit/a5ecf51e550aa2c9b3120d4720eba2b1515968bb,https://github.com/hmislk/hmis/pull/12835
f2d933fc00211168f8af51f3e97ed35c604c98e3,13082-refactor-duplicate-query-logic-in-auditeventcontroller-config-option-methods,"The commit focuses on refactoring to remove duplicate query logic in audit event controller methods, indicating the primary motivation is to address code duplication by unifying repeated code segments.",duplication,9,https://github.com/hmislk/hmis/commit/f2d933fc00211168f8af51f3e97ed35c604c98e3,https://github.com/hmislk/hmis/pull/13085
73b316f0f9b85113d9293598214ed304269fea37,Add unified RequestDTO classes,"The commit consolidates multiple RequestDTO classes into a single unified class, which primarily addresses the issue of duplicated code by unifying similar structures into one, reducing redundancy.",duplication,9,https://github.com/benjyongzh/credit-card-bill-tracker/commit/73b316f0f9b85113d9293598214ed304269fea37,https://github.com/benjyongzh/credit-card-bill-tracker/pull/16
64742e81e6e09f63de41e424152ef0c70b1ed83b,Fix duplicate field causing build failure,"The commit addresses a duplicate field issue that caused a build failure, indicating the primary problem was duplicated code elements that needed to be unified to fix the error.",duplication,9,https://github.com/Servicraft/servidirectorios/commit/64742e81e6e09f63de41e424152ef0c70b1ed83b,https://github.com/Servicraft/servidirectorios/pull/26
4f6d95c5a4ae708f16d517913703caa9252ba590,Corregir la duplicaci√≥n de beans del punto final de Resilience4j,"The commit fixes duplication of beans, which directly relates to duplicated code that needs to be unified to avoid redundancy and potential conflicts.",duplication,9,https://github.com/msamia/rrhh/commit/4f6d95c5a4ae708f16d517913703caa9252ba590,https://github.com/msamia/rrhh/pull/75
586c7a8d7cc7ba75b1a6abb8763491d16bc9b86c,Introduce shared error code enums,"The commit introduces shared error code enums across services, which suggests an effort to unify error handling and reduce duplicated error code definitions. This primarily addresses duplication by consolidating repeated error codes into a shared enum.",duplication,8,https://github.com/strider73/adventuretube-microservice/commit/586c7a8d7cc7ba75b1a6abb8763491d16bc9b86c,https://github.com/strider73/adventuretube-microservice/pull/3
bee10149921de2b72446e9ce8fdd8f3f1fd57195,Refactor JavaDeserializers,"The commit focuses on removing duplicate patterns by extracting methods and renaming variables, which directly addresses code duplication issues.",duplication,9,https://github.com/Magma-Foundation/Magma/commit/bee10149921de2b72446e9ce8fdd8f3f1fd57195,https://github.com/Magma-Foundation/Magma/pull/57
f0649c063e8e71c6841c62a9a9661c04b97f3acc,Create functional test suite setup,"The commit addresses duplicate step definitions in functional tests, which indicates the removal of duplicated code to unify the test suite and avoid redundancy.",duplication,8,https://github.com/disparter/tokugawa-discord-game-java/commit/f0649c063e8e71c6841c62a9a9661c04b97f3acc,https://github.com/disparter/tokugawa-discord-game-java/pull/5
af937631723562fe5a1bfbd10114a517b6aac882,Implement protocol checksum handling,"The commit message indicates fixing a duplicate constructor, which suggests addressing duplicated code to unify or remove redundancy.",duplication,8,https://github.com/ChrisvDalen/LockerCloud/commit/af937631723562fe5a1bfbd10114a517b6aac882,https://github.com/ChrisvDalen/LockerCloud/pull/57
a0eb611f5346a274f96f146d84a073f4455d5cf4,Add duplicate legacy asset detection,"The commit introduces detection of duplicate legacy assets, which addresses issues related to duplicated code or resources that need to be unified or managed to avoid redundancy.",duplication,8,https://github.com/marakasu-00/legacymodloader/commit/a0eb611f5346a274f96f146d84a073f4455d5cf4,https://github.com/marakasu-00/legacymodloader/pull/27
bd651c4c156758f99bfb66c63d653877639e6c15,Update Nachos codebase for Java 8 compatibility,"The commit addresses a naming conflict caused by duplicate method definitions, which is a form of code duplication that needs to be unified to resolve compilation errors.",duplication,9,https://github.com/satwik-codeium/nachos/commit/bd651c4c156758f99bfb66c63d653877639e6c15,https://github.com/satwik-codeium/nachos/pull/1
f9adbb5cef7c5590f425edbcba56fda78d60c01f,Refactor repeated logic into utilities,"The commit focuses on refactoring repeated logic into reusable utilities, which directly addresses duplicated code by unifying it into common methods and classes to avoid repetition.",duplication,9,https://github.com/anestistsio/QuizApp/commit/f9adbb5cef7c5590f425edbcba56fda78d60c01f,https://github.com/anestistsio/QuizApp/pull/14
26eb6ac36cef51c5a3455cd2d96efc0417b37324,Add detailed price increase logging,"The commit adds detailed logging for price increases, which improves the ability to diagnose and troubleshoot issues related to price changes. This enhancement targets making debugging easier by providing more detailed runtime information.",hard_to_debug,8,https://github.com/seguridadti-cc/spring-3.2.1-mvc-antbuild/commit/26eb6ac36cef51c5a3455cd2d96efc0417b37324,https://github.com/seguridadti-cc/spring-3.2.1-mvc-antbuild/pull/5
409b5eb5ac035aa51cf66436d6617ac22aea0a5f,Add explicit logging for ad consent choices,"The commit adds explicit logging to improve the traceability and diagnosis of ad consent choices, which helps in debugging and understanding the flow of the program. This addresses the difficulty in troubleshooting due to lack of clear logs, making the code easier to debug.",hard_to_debug,8,https://github.com/piotr-gorczynski/Soccer/commit/409b5eb5ac035aa51cf66436d6617ac22aea0a5f,https://github.com/piotr-gorczynski/Soccer/pull/149
0a25418d62f121b202a98aac9dcc6efe14c72efe,Migrate preferences storage to JPA,"The commit focuses on fixing runtime errors, adding detailed logging for troubleshooting, and improving error handling, which indicates the primary motivation is to make debugging and diagnosis easier.",hard_to_debug,8,https://github.com/sakaiproject/sakai/commit/0a25418d62f121b202a98aac9dcc6efe14c72efe,https://github.com/sakaiproject/sakai/pull/13754
aa51b17badd396ea265b3e5611ecc469247da7ef,Add AspectJ logging,"The commit adds AspectJ logging and refines the logging aspect and documentation, which likely improves the structure and clarity of logging, making debugging easier. This addresses difficulties in troubleshooting and diagnosis due to poor logging or tangled flows.",hard_to_debug,8,https://github.com/raulgsampaio/pontoFacil/commit/aa51b17badd396ea265b3e5611ecc469247da7ef,https://github.com/raulgsampaio/pontoFacil/pull/6
e6eed821f006c909b9cccf98079e380dbab778ef,Add Searchable Grid and Updatable Model Records with Comprehensive Logging,"The commit introduces comprehensive logging to all API endpoints, which improves the ability to monitor and diagnose issues, thereby making debugging easier. The addition of logging and structured update methods suggests the primary motivation is to make the code easier to debug and maintain in terms of troubleshooting.",hard_to_debug,8,https://github.com/ccoders01/devin-iris-rahul2/commit/e6eed821f006c909b9cccf98079e380dbab778ef,https://github.com/ccoders01/devin-iris-rahul2/pull/4
1b3290e56d445ad2d49cd49cc76721975b2503fa,Add debug logging for wave spawns,"The commit adds debug logging to improve the ability to diagnose issues with wave spawns, which addresses difficulties in troubleshooting and understanding the flow of the code during execution.",hard_to_debug,8,https://github.com/DiscordGoat/Continuity/commit/1b3290e56d445ad2d49cd49cc76721975b2503fa,https://github.com/DiscordGoat/Continuity/pull/200
512d985bdd4c9cfcc1d7748442bb147c649dcbb3,Add info logs,"The commit adds info level logs, which improves the ability to diagnose and troubleshoot issues by providing more detailed runtime information, thus addressing difficulties in debugging.",hard_to_debug,8,https://github.com/TaylorChyi/glancy-backend/commit/512d985bdd4c9cfcc1d7748442bb147c649dcbb3,https://github.com/TaylorChyi/glancy-backend/pull/21
44c450754d8d8d0234d83d4144eb49140f05c57d,13002-log-for-turning-on-and-off-of-configuration-options,"The commit introduces logging for configuration option changes, which improves the ability to trace and debug configuration state changes, addressing difficulties in troubleshooting and diagnosis.",hard_to_debug,8,https://github.com/hmislk/hmis/commit/44c450754d8d8d0234d83d4144eb49140f05c57d,https://github.com/hmislk/hmis/pull/13072
4d8fd1b794eb6d6f8c110c971e14493805199332,Improve XL200 server logging,"The commit focuses on expanding server logging to aid in troubleshooting, which directly addresses difficulties in diagnosing issues. The use of 'Split Conditional' refactoring suggests improving the clarity and granularity of conditions to make debugging easier.",hard_to_debug,8,https://github.com/hmislk/xl-200/commit/4d8fd1b794eb6d6f8c110c971e14493805199332,https://github.com/hmislk/xl-200/pull/35
db3f73a0529f2e2c8c932080ec7815cd713d876c,Implement security and logging improvements,"The commit focuses on enhancing security and logging, which typically improves the structure and clarity of code for troubleshooting and diagnosis. The addition of annotations and parameters likely improves the ability to trace and debug issues, indicating the primary motivation is to make the code easier to debug and maintain through better logging and security practices.",hard_to_debug,7,https://github.com/phamhungptithcm/beaus-system/commit/db3f73a0529f2e2c8c932080ec7815cd713d876c,https://github.com/phamhungptithcm/beaus-system/pull/73
c3f99103e7897f7b21ebc9664331dabce6655a64,Fix logging aspect package,"The commit fixes the logging aspect package by modifying method annotations, which likely improves the structure and clarity of logging, making debugging easier. This addresses difficulties in troubleshooting and diagnosis due to poor logging or tangled flows.",hard_to_debug,7,https://github.com/Abdias03/microservices-backend/commit/c3f99103e7897f7b21ebc9664331dabce6655a64,https://github.com/Abdias03/microservices-backend/pull/1
f852afabebdc7daf4103dc23b515e0bae55c27ff,Fix build and disable outdated tests,"The commit focuses on fixing build issues by disabling outdated tests and resolving compilation problems, which suggests dealing with legacy code that is outdated and causing build failures. This aligns with the 'legacy_code' category as it involves modernization or handling of old code.",legacy_code,8,https://github.com/x1f4r/mmocraft-plugin/commit/f852afabebdc7daf4103dc23b515e0bae55c27ff,https://github.com/x1f4r/mmocraft-plugin/pull/4
c5226ac538035981df21b303c2f4a3bf677f7d3b,Java 21 Upgrade - Method Clash Resolution (Clean PR),"The commit addresses method clashes due to Java 21 compatibility by changing return types in bridge interfaces, which suggests resolving issues related to legacy code compatibility and modernization rather than readability or performance. This is primarily about updating old code to work with new Java versions, indicating legacy code modernization.",legacy_code,8,https://github.com/goldmansachsinnovationcenter/gs-collections-bhagatr/commit/c5226ac538035981df21b303c2f4a3bf677f7d3b,https://github.com/goldmansachsinnovationcenter/gs-collections-bhagatr/pull/16
eec53e2b2fda104fc7686fb7f0dedaefc9d7e7e1,Modernize villager entity,"The commit modernizes the villager entity by updating its base, changing attribute types, method access modifiers, and renaming methods, which indicates an effort to improve or update old legacy code to a more modern standard.",legacy_code,8,https://github.com/fabula-sk/Millenaire/commit/eec53e2b2fda104fc7686fb7f0dedaefc9d7e7e1,https://github.com/fabula-sk/Millenaire/pull/31
a5e71cb8ef1d1e0cfe39db145d324667d3107ce5,Migrate from Java 11 to Java 17 with Spring Boot 3.2.11,"The commit involves upgrading the Java version and Spring Boot framework, refactoring code to comply with new APIs and standards, and updating dependencies to modern versions. This is primarily motivated by the need to modernize and maintain the codebase to current standards, which aligns with addressing legacy code issues.",legacy_code,9,https://github.com/milind-windsurf/spring-boot-realworld-example-app/commit/a5e71cb8ef1d1e0cfe39db145d324667d3107ce5,https://github.com/milind-windsurf/spring-boot-realworld-example-app/pull/3
6dbed8480e52c10c462652cae1993d430e662284,Replace GmailOAuth2Service with GoogleAuthService,"The commit replaces an obsolete service with a new one, indicating modernization and removal of legacy code components.",legacy_code,8,https://github.com/Donj63000/Codypro/commit/6dbed8480e52c10c462652cae1993d430e662284,https://github.com/Donj63000/Codypro/pull/113
309ad34951959cb025b71539163a66f520b2262a,Java Project Modernization,"The commit involves modernization tasks such as adding/removing annotations, changing return types, encapsulating attributes, and renaming methods, which are typical activities to update and improve old legacy code to current standards and practices.",legacy_code,8,https://github.com/shengz123/awesome-legacy-bench/commit/309ad34951959cb025b71539163a66f520b2262a,https://github.com/shengz123/awesome-legacy-bench/pull/3
6bb4e80112a16b4187d838e88cc80f80dc13d4e1,Modernize banking application and add tests,"The commit modernizes the application by migrating to Spring Boot and adding REST API and container setup, which typically addresses legacy code issues by updating old frameworks and architectures. The refactoring operations such as adding annotations and removing modifiers support modernization efforts rather than focusing on readability, duplication, or performance specifically.",legacy_code,8,https://github.com/RICH0423/banking-app/commit/6bb4e80112a16b4187d838e88cc80f80dc13d4e1,https://github.com/RICH0423/banking-app/pull/7
ff248936d1505dee76a07dec14dc8505e9bc0c3b,Fix servlet import,"The commit fixes an import statement related to servlet usage in Spring Boot 3, which likely addresses issues arising from outdated or incompatible code dependencies. This suggests the motivation is to update legacy code to be compatible with newer frameworks.",legacy_code,8,https://github.com/gitlabzz/xml-to-json-transformer-service/commit/ff248936d1505dee76a07dec14dc8505e9bc0c3b,https://github.com/gitlabzz/xml-to-json-transformer-service/pull/11
165de25576678faa50d4e34978ac8c761409e41c,Fix item pickup event,"The commit fixes the item pickup event to work with a modern version of Spigot, indicating an update to legacy code to maintain compatibility and functionality.",legacy_code,8,https://github.com/ImmortalMan01/RandomEvents/commit/165de25576678faa50d4e34978ac8c761409e41c,https://github.com/ImmortalMan01/RandomEvents/pull/121
98b112c5c8cd0af3e00fe077e040bf63bbe3501b,Switch to jMonkeyEngine for viewer,"The commit replaces the LWJGL viewer with jMonkeyEngine, indicating a significant change in the underlying framework to improve or modernize the codebase. This suggests working on old legacy code that needs modernization to keep up with current technologies or improve maintainability.",legacy_code,8,https://github.com/marcushennig/spinning-top/commit/98b112c5c8cd0af3e00fe077e040bf63bbe3501b,https://github.com/marcushennig/spinning-top/pull/12
4642a6746f81f8ce1fc1cc38a72a5f039e6db203,Fix Excel parsing with legacy POI,"The commit addresses issues related to handling Excel parsing with a legacy version of the POI library, indicating work on old legacy code that needs modernization or compatibility fixes.",legacy_code,8,https://github.com/XplorodoX/SimulationAndModelling2Project/commit/4642a6746f81f8ce1fc1cc38a72a5f039e6db203,https://github.com/XplorodoX/SimulationAndModelling2Project/pull/8
03dbdfc557622aa5daa6e35785780991b2c8f1b6,Remove legacy Document fields,"The commit removes legacy document fields and refactors the code to rely on a collaborator entity, indicating modernization of old legacy code to improve the codebase.",legacy_code,8,https://github.com/lucasclx/tessera-academica/commit/03dbdfc557622aa5daa6e35785780991b2c8f1b6,https://github.com/lucasclx/tessera-academica/pull/33
70166eb78f9ffa24f70ceb6e52f5d0f0fd113d34,Remove Databank class,"The commit removes an obsolete class, which suggests modernization and cleanup of legacy code to improve the codebase by removing outdated components.",legacy_code,8,https://github.com/XplorodoX/SimulationAndModelling2Project/commit/70166eb78f9ffa24f70ceb6e52f5d0f0fd113d34,https://github.com/XplorodoX/SimulationAndModelling2Project/pull/14
e23539d1b48cdf87719f4e24ee9f0e1b306b2a2f,Transform GPS reminder app into AirDroid-like screen sharing application,"The commit completely transforms the application from a GPS reminder app to a screen sharing app, involving removal of old code and dependencies and addition of new functionality. This indicates working on legacy code that needed modernization to support a new purpose and technology stack.",legacy_code,9,https://github.com/harvinder-singh-microversesystems/microversebasicapp/commit/e23539d1b48cdf87719f4e24ee9f0e1b306b2a2f,https://github.com/harvinder-singh-microversesystems/microversebasicapp/pull/2
55c286025c6c4a5bfa35f9347f7f2546dd8f1e86,Fix PDFLayoutTextStripper space check,"The commit fixes a condition related to space checking in PDF layout processing, indicating a correction of logic to ensure correct behavior rather than improving readability or performance.",logical_mismatch,8,https://github.com/nile4000/mymenu/commit/55c286025c6c4a5bfa35f9347f7f2546dd8f1e86,https://github.com/nile4000/mymenu/pull/23
90ef3c6933324ef004acfee036c8e7c5b61eaae5,Remove EnableWebMvc annotation to restore Thymeleaf view,"The commit removes the @EnableWebMvc annotation to fix view resolution issues, which suggests the previous configuration caused incorrect or inconsistent behavior in view rendering logic.",logical_mismatch,8,https://github.com/pderks-eth/BizTrip/commit/90ef3c6933324ef004acfee036c8e7c5b61eaae5,https://github.com/pderks-eth/BizTrip/pull/3
cf0e79e90d1a53421820b4c49954cfa6f0ad640c,Fix SQL injection vulnerabilities in WebGoat lessons (Issue ID 10079),"The commit addresses security vulnerabilities by changing the way SQL queries are constructed, replacing string concatenation with parameterized queries to prevent SQL injection. This indicates a fix for incorrect or inconsistent logic that could lead to wrong behavior (security flaws).",logical_mismatch,9,https://github.com/goldmansachsinnovationcenter/WebGoat/commit/cf0e79e90d1a53421820b4c49954cfa6f0ad640c,https://github.com/goldmansachsinnovationcenter/WebGoat/pull/5
2fbd080cd17a63ba2b8c931fa60e54950e68016b,Fix Compilation Errors in UserMapper and NotificationService,"The commit fixes compilation errors, which typically arise from incorrect or inconsistent logic or code structure that prevents successful compilation. This suggests a logical mismatch was corrected to make the code compile properly.",logical_mismatch,8,https://github.com/chendaben/langchain4j-demo/commit/2fbd080cd17a63ba2b8c931fa60e54950e68016b,https://github.com/chendaben/langchain4j-demo/pull/33
fe024969dcbea25b2551e65bb0d0a6ebd73627c1,fix console command handling,"The commit fixes the handling of console commands by ensuring they run on the main thread, which likely addresses issues related to incorrect or inconsistent logic in command execution.",logical_mismatch,8,https://github.com/owsware/DiscordIntegration-Spigot/commit/fe024969dcbea25b2551e65bb0d0a6ebd73627c1,https://github.com/owsware/DiscordIntegration-Spigot/pull/1
756699a12f289f5837c426eb430bd7a3a992138d,Fix validation for player count steps,"The commit focuses on fixing validation logic for player count steps, which indicates correcting inconsistent or incorrect logic that could lead to wrong behavior. The extraction of variables supports clarifying and correcting the logic rather than addressing readability or other issues.",logical_mismatch,8,https://github.com/ImmortalMan01/RandomEvents/commit/756699a12f289f5837c426eb430bd7a3a992138d,https://github.com/ImmortalMan01/RandomEvents/pull/80
80edb6bfecb2c9e025a5cb3a7ac9c91fcea19955,Fix unordered collection comparison,"The commit fixes an issue related to comparing unordered collections, which likely addresses incorrect or inconsistent logic causing wrong behavior. The addition of parameters suggests a change to method signatures to handle this logic correctly.",logical_mismatch,8,https://github.com/jdereg/java-util/commit/80edb6bfecb2c9e025a5cb3a7ac9c91fcea19955,https://github.com/jdereg/java-util/pull/139
ccdffb202d4070aa4485b27b6ab01b3488ac88c0,Implement interaction-based vacuum fix,"The commit introduces a simulation of player interaction to fix vacuum blocks, which suggests a change in logic to correct behavior rather than improving readability or performance. The refactoring operations (adding and localizing parameters) support modifying the logic flow to address an issue, indicating a logical mismatch fix.",logical_mismatch,8,https://github.com/ObservedObserver/anti-vacuum/commit/ccdffb202d4070aa4485b27b6ab01b3488ac88c0,https://github.com/ObservedObserver/anti-vacuum/pull/1
9a50beae176bf59dfc918b4dec0102fcd90ff14c,Fix SpeedHack FOV event type,"The commit fixes the event type for the FOV update in SpeedHack, indicating that the previous logic was incorrect or inconsistent, leading to wrong behavior. Changing the parameter type suggests correcting the event handling logic to ensure proper functionality.",logical_mismatch,8,https://github.com/jaidencode/vision_hc/commit/9a50beae176bf59dfc918b4dec0102fcd90ff14c,https://github.com/jaidencode/vision_hc/pull/2
0939fb70e5b32fa26f6132162bc70a48da772996,Fix condition pair evaluation,"The commit fixes the state reporting of ConditionPair, which suggests correcting inconsistent or incorrect logic in the code. The rename variable operation supports improving clarity but the primary motivation is to fix logical behavior.",logical_mismatch,8,https://github.com/MetricsHub/jawk/commit/0939fb70e5b32fa26f6132162bc70a48da772996,https://github.com/MetricsHub/jawk/pull/275
4a45f2479b68cba6d2475850c16915a6d56e4ea2,Add mobs with simple AI and animations,"The commit introduces AI and animations to entities, improving the structure by extracting and renaming methods, which likely enhances the maintainability of the code by making it clearer and more modular.",maintainability,7,https://github.com/rhum0ne/Worldcraft/commit/4a45f2479b68cba6d2475850c16915a6d56e4ea2,https://github.com/rhum0ne/Worldcraft/pull/17
bc59abf1dbd7b1c107f4afd14b79dba5e29b5a4d,Integrate SwingCalendar for weekly event view,"The commit integrates a new component (SwingCalendar) and involves changing and renaming attributes, likely to improve the structure and maintainability of the codebase by better organizing the calendar-related functionality.",maintainability,7,https://github.com/licontera345/RentExpresGUI/commit/bc59abf1dbd7b1c107f4afd14b79dba5e29b5a4d,https://github.com/licontera345/RentExpresGUI/pull/93
63e7ebd8619c0272d5d905acf41fb07f1619650a,Introduce configurable upload directory,"The commit introduces configurability for the upload directory, which improves the flexibility and maintainability of the code by allowing easier changes to the upload path without modifying the codebase directly.",maintainability,8,https://github.com/NguyenHieu-class/Ambulance/commit/63e7ebd8619c0272d5d905acf41fb07f1619650a,https://github.com/NguyenHieu-class/Ambulance/pull/30
f364f115c0de6e2e280c797e1f69367e6c26f093,Expose SMS read limit,"The commit introduces a feature to allow overriding the SMS read limit, which likely involves clarifying or restructuring code to make the limit configurable. The use of 'Extract Variable' suggests improving code clarity or maintainability rather than fixing logic or performance issues.",maintainability,7,https://github.com/aalatief1982/finance-universe/commit/f364f115c0de6e2e280c797e1f69367e6c26f093,https://github.com/aalatief1982/finance-universe/pull/186
5dc92ddd784ea303bf6b6b5103b319f175df65ab,Handle redis connection failures,"The commit focuses on handling Redis connection failures gracefully, which suggests improving the robustness and maintainability of the code by managing error conditions properly. The addition of a class annotation likely supports this by improving code structure or metadata, which aids maintainability rather than addressing readability, duplication, or performance directly.",maintainability,7,https://github.com/jinsujj/owl-blog-backend/commit/5dc92ddd784ea303bf6b6b5103b319f175df65ab,https://github.com/jinsujj/owl-blog-backend/pull/1
4e403ca8764b14061aa7559b86f0ed2dee61fdb0,Change repository storage to file,"The commit changes the repository storage mechanism to use a file-based YAML storage module, which likely improves the maintainability of the code by making the storage implementation clearer and more modular. The modification of class annotation suggests a structural change to support this new storage approach, enhancing maintainability rather than addressing performance, duplication, or other issues.",maintainability,7,https://github.com/MiguelMF16/pluginDiversion/commit/4e403ca8764b14061aa7559b86f0ed2dee61fdb0,https://github.com/MiguelMF16/pluginDiversion/pull/14
df0242deb582623bf0a866723ca5f470a52d5b5f,Add OSM gap analytics to email templates,"The commit adds a parameter to include OSM gap analytics in email templates, which likely improves the maintainability by making the code more modular and easier to update or extend in the future.",maintainability,7,https://github.com/konturio/disaster-ninja-be/commit/df0242deb582623bf0a866723ca5f470a52d5b5f,https://github.com/konturio/disaster-ninja-be/pull/194
d380e1880e0b627badb650ff2081ea05c543b50e,Refactor NPC spawning logic,"The commit involves extensive refactoring such as extracting and moving methods and classes, changing access modifiers, and renaming variables, which primarily improves the structure and organization of the code to make it easier to maintain and less fragile.",maintainability,9,https://github.com/lauri0/dino-survival/commit/d380e1880e0b627badb650ff2081ea05c543b50e,https://github.com/lauri0/dino-survival/pull/278
4930588b6c6a7a7f50e81e8e106ad060f2e0108c,Improve async conversion with separate output directory,"The commit focuses on improving asynchronous conversion by fixing stream handling and ensuring proper closure of region files, which likely addresses issues related to fragile or error-prone code structure, enhancing maintainability.",maintainability,8,https://github.com/KAMKEEL/midas-platinum/commit/4930588b6c6a7a7f50e81e8e106ad060f2e0108c,https://github.com/KAMKEEL/midas-platinum/pull/1
e63852c91c1534eec450f0ec1ec42d4afb0330f8,Add DisplayNameProvider interface,"The commit introduces an interface and pulls up methods, which improves the structure and organization of the code, making it easier to maintain and extend in the future. This refactoring primarily targets maintainability by clarifying abstractions and reducing code fragility.",maintainability,8,https://github.com/amannm/mcp/commit/e63852c91c1534eec450f0ec1ec42d4afb0330f8,https://github.com/amannm/mcp/pull/464
d7eb84f57d6c1d831d24d493197c011f7476573b,Verificar archivos y paquetes,"The commit involves moving classes multiple times, which typically aims to improve the organization and structure of the codebase, enhancing maintainability by grouping related classes logically and reducing fragility.",maintainability,8,https://github.com/ALPullaguariSW/SistemaBuffetAbogados/commit/d7eb84f57d6c1d831d24d493197c011f7476573b,https://github.com/ALPullaguariSW/SistemaBuffetAbogados/pull/7
7433521f7cf05f0f9935f10c09386f15040b5a20,Add TrackSource enum,"The commit introduces a new enum type to replace a previous attribute type, which likely improves code clarity and structure, enhancing readability and maintainability. Since the change is about defining a clear enum for track sources, it primarily addresses readability by making the code easier to understand.",readability,8,https://github.com/ddumaa/tracking_system/commit/7433521f7cf05f0f9935f10c09386f15040b5a20,https://github.com/ddumaa/tracking_system/pull/744
b42bf684aac5f78f48213adcfd3bd1ab51548165,Improve review page design,"The commit focuses on improving the design of the review page by fixing star icons and allowing longer addresses, which primarily enhances the readability and user interface clarity rather than addressing logic, performance, or dependencies.",readability,7,https://github.com/Dmytro-Gidl/restaurant-spring-boot/commit/b42bf684aac5f78f48213adcfd3bd1ab51548165,https://github.com/Dmytro-Gidl/restaurant-spring-boot/pull/2
142194a4c23db9e4771c9bebcef013f6d8af1acb,Fix user info retrieval,"The commit refactors the code by extracting a variable to improve clarity and understanding, which primarily addresses readability issues. Using OIDC claims for user info suggests a clearer, more understandable approach to retrieving user information.",readability,8,https://github.com/scanalesespinoza/eventflow/commit/142194a4c23db9e4771c9bebcef013f6d8af1acb,https://github.com/scanalesespinoza/eventflow/pull/43
8ed654b5db8e0ae845e5b128d45b820d75bd15f4,Fix AuditWebFilter body content,"The commit focuses on fixing the audit of the request body by extracting variables and adding parameters, which likely improves the clarity and understandability of the code related to auditing. This suggests the primary motivation is to improve readability.",readability,7,https://github.com/saidone75/alfresco-node-vault/commit/8ed654b5db8e0ae845e5b128d45b820d75bd15f4,https://github.com/saidone75/alfresco-node-vault/pull/283
8627d48b248d2b97da91f069ccc172ed21bdff9e,Rename convertPublicetionYear method,"The commit involves renaming a method to correct a typo, improving code readability and reducing confusion for developers.",readability,8,https://github.com/krd-takahiro1226/LibroLog/commit/8627d48b248d2b97da91f069ccc172ed21bdff9e,https://github.com/krd-takahiro1226/LibroLog/pull/234
cd08422460a8be4bccb3db2b8acef8ed8fcfcf37,Allow new advisor after project completion,"The commit involves renaming a variable, which typically improves code clarity and understanding, thus enhancing readability.",readability,7,https://github.com/geravillarreal/AsesorMatchApp/commit/cd08422460a8be4bccb3db2b8acef8ed8fcfcf37,https://github.com/geravillarreal/AsesorMatchApp/pull/40
585ecabb5b3e7cb0715401ab9eb090f0dbbb5d20,Improve logging and docs for internal handlers,"The commit focuses on adding logging and documentation (javadoc) to internal handlers, which improves the understandability and clarity of the code, thus enhancing readability.",readability,8,https://github.com/SumanBandopadhyay/rider-guru/commit/585ecabb5b3e7cb0715401ab9eb090f0dbbb5d20,https://github.com/SumanBandopadhyay/rider-guru/pull/16
8b648bc24010a6edb31e6c4b48c4bee0c36a9f56,[BOT] refactor(rename): ObjectManager ‚Üí improved names,"The commit focuses on renaming attributes and methods to improve the clarity and understandability of the code, which directly addresses readability issues.",readability,9,https://github.com/Ddemon26/2006Scape/commit/8b648bc24010a6edb31e6c4b48c4bee0c36a9f56,https://github.com/Ddemon26/2006Scape/pull/74
582ce58c26b152587dfcdf9217c47cb9138289b0,Refactor GUI variable names and improve settings logic,"The commit focuses on renaming variables and parameters to improve clarity and streamlining the settings GUI logic, which primarily enhances code readability and understandability.",readability,8,https://github.com/davidstoegmueller/bettervanilla/commit/582ce58c26b152587dfcdf9217c47cb9138289b0,https://github.com/davidstoegmueller/bettervanilla/pull/26
ae8277fe70e7b5c6bee56871edab0f8a664fa750,Remove sample data and wire tabs to database,"The commit involves renaming methods and variables, changing variable types, and inlining variables, which are typical refactoring steps aimed at improving code clarity and understandability, thus enhancing readability.",readability,8,https://github.com/mgubran1/PayrollDev/commit/ae8277fe70e7b5c6bee56871edab0f8a664fa750,https://github.com/mgubran1/PayrollDev/pull/9
3b4bf8e45b10e867e7076865b962e49ab708887d,Renaming the `flogger` package and the backing classes,"The commit focuses on renaming, improving code layout, and adding annotations to address inspection warnings, which primarily enhances the clarity and understandability of the code, indicating an improvement in readability.",readability,8,https://github.com/SpineEventEngine/logging/commit/3b4bf8e45b10e867e7076865b962e49ab708887d,https://github.com/SpineEventEngine/logging/pull/98
fd181ae26197a65cf2ef9e86221fc29783c3bd15,Add start menu for board settings,"The commit adds a start menu for board settings and involves adding parameters multiple times, which suggests improving the structure to facilitate reuse or repurposing of existing code components rather than addressing readability, duplication, or other issues.",repurpose_reuse,7,https://github.com/peter-lawrey/yingyang/commit/fd181ae26197a65cf2ef9e86221fc29783c3bd15,https://github.com/peter-lawrey/yingyang/pull/2
205d8b97f44b5403af28f46ae6d91cecbc4cb69d,Implement email notifications for user actions,"The commit adds email notification functionality by introducing new parameters, which likely affects how existing code can be reused or repurposed to support this feature. The primary motivation appears to be enabling repurposing or reuse of code to handle email notifications rather than addressing readability, duplication, or other issues.",repurpose_reuse,7,https://github.com/Randipa/haven/commit/205d8b97f44b5403af28f46ae6d91cecbc4cb69d,https://github.com/Randipa/haven/pull/21
aa669fbdd6ff6449c81a1a8c04a9fde9f74308e1,Allow cart endpoints for guests,"The commit modifies the cart endpoints to allow access for guests, which likely involves changing method parameters and removing restrictive annotations. This suggests improving the code's flexibility and reusability for different user types, indicating a focus on repurposing or reusing existing code rather than fixing bugs or improving performance.",repurpose_reuse,8,https://github.com/Manuelsilva1/ApiLibrary/commit/aa669fbdd6ff6449c81a1a8c04a9fde9f74308e1,https://github.com/Manuelsilva1/ApiLibrary/pull/8
06ba71a2283040026c4cc9c14dca9f950c30020d,Introduce generic PageDto,"The commit introduces a generic PageDto and adjusts the blog page for paged posts, which suggests improving the code structure to facilitate reuse and repurposing of existing code components.",repurpose_reuse,8,https://github.com/open4good/open4goods/commit/06ba71a2283040026c4cc9c14dca9f950c30020d,https://github.com/open4good/open4goods/pull/797
2e4a57e110056253f4f4a4e386e8c01f831c512c,Implement Stripe payments,"The commit integrates Stripe payments by adding parameters, exception handling, and modifying class annotations, which primarily addresses the need to reuse and repurpose existing payment infrastructure to support Stripe. This indicates the motivation is to enable repurposing or reuse of code for new payment functionality.",repurpose_reuse,7,https://github.com/benhook1013/FireMUD/commit/2e4a57e110056253f4f4a4e386e8c01f831c512c,https://github.com/benhook1013/FireMUD/pull/771
f1d3bb2b778fa57166420cf5904e1b805128c73b,üöÄ Î∞∞Ïπò ÏãúÏä§ÌÖú Í≥†ÎèÑÌôî Î∞è Ï†ÑÏ≤¥ ÏãúÏä§ÌÖú Í∞úÏÑ†,"The commit focuses on restructuring the storage package, renaming interfaces for clarity, adding an abstract class for common functionality, and supporting multiple storage formats. These changes improve the system's architecture to make it easier to extend and reuse storage components, indicating the primary motivation is to enhance repurposing and reuse of existing code.",repurpose_reuse,9,https://github.com/seongmin1117/ReadFast/commit/f1d3bb2b778fa57166420cf5904e1b805128c73b,https://github.com/seongmin1117/ReadFast/pull/9
676ffd8a6179bb3d43de8750b0f0644bb22f74ed,Implement plugin system,"The commit introduces a plugin system and adds a parameter, indicating a structural change to support extensibility and reuse of code components. This primarily addresses the difficulty of repurposing or reusing existing code by enabling a plugin architecture.",repurpose_reuse,8,https://github.com/VerisimilitudeX/DNAnalyzer/commit/676ffd8a6179bb3d43de8750b0f0644bb22f74ed,https://github.com/VerisimilitudeX/DNAnalyzer/pull/530
d78f885973e269b63e34785932f715df3316a284,Replace direct oidc email calls with provider,"The commit replaces direct calls to obtain OIDC email with a provider, which likely improves the modularity and reusability of the code by abstracting email retrieval behind a provider interface. This change addresses difficulties in repurposing or reusing existing code by introducing a more flexible and reusable component.",repurpose_reuse,8,https://github.com/geravillarreal/AsesorMatchApp/commit/d78f885973e269b63e34785932f715df3316a284,https://github.com/geravillarreal/AsesorMatchApp/pull/68
75472e474d47d118ad59840b9cad82a0183b0537,Add schedule list selection when requesting shares,"The commit adds a parameter to enable selection of shareable schedules, which likely improves the ability to reuse or repurpose existing code for requesting shares by making it more flexible and adaptable.",repurpose_reuse,7,https://github.com/baeheeyeol/keep_11/commit/75472e474d47d118ad59840b9cad82a0183b0537,https://github.com/baeheeyeol/keep_11/pull/151
57e9e7aa12918c523ba8e6bdab91becaf0d8fe92,Add OpenAI vision analysis tool,"The commit adds a new image analysis tool using OpenAI vision, which likely introduces new functionality to enable reuse of existing AI capabilities for image analysis. The refactoring operations such as adding parameters and changing return types suggest adapting the code to better support reuse and integration of the new tool rather than addressing readability, duplication, or performance issues.",repurpose_reuse,7,https://github.com/beothorn/telegramAIConnector/commit/57e9e7aa12918c523ba8e6bdab91becaf0d8fe92,https://github.com/beothorn/telegramAIConnector/pull/42
f92cb3cf280e2000b70aeb387e7765b433ce0d72,Add custom Telegram message templates,"The commit introduces support for custom Telegram message UI templates, which likely improves the ability to reuse and repurpose existing code for different message formats without rewriting core logic. This aligns with enhancing repurpose and reuse capabilities.",repurpose_reuse,8,https://github.com/ddumaa/tracking_system/commit/f92cb3cf280e2000b70aeb387e7765b433ce0d72,https://github.com/ddumaa/tracking_system/pull/379
690ab916f5f3b73548dd72ba775e93d93fdd49b9,Implement VWAP Calculator,"The commit focuses on optimizing the VWAP calculation by maintaining running totals, which improves performance by avoiding recalculations. The refactoring operations such as extracting classes and moving methods support this optimization. Therefore, the primary motivation is to address slow performance.",slow_performance,8,https://github.com/mungo1003/java-test/commit/690ab916f5f3b73548dd72ba775e93d93fdd49b9,https://github.com/mungo1003/java-test/pull/5
bf06e46f41c544ddbdfc6dcb5d52eb0654c9a394,Switch to HikariCP for database pool,"The commit switches the database connection pool implementation to HikariCP, which likely addresses issues related to performance or resource management. The refactoring operations such as adding parameters, changing attribute types, and using try-with-resources suggest improvements in resource handling and efficiency rather than readability or maintainability alone.",slow_performance,8,https://github.com/IllusionCIS7/OpenCore/commit/bf06e46f41c544ddbdfc6dcb5d52eb0654c9a394,https://github.com/IllusionCIS7/OpenCore/pull/32
868f6be07806f43dbae93f18ad3094a8457ae95c,Optimize ShadowCaster loop caching,"The commit focuses on optimizing the computation within a loop by caching values, which improves performance by reducing redundant calculations. This directly addresses slow performance issues.",slow_performance,8,https://github.com/codefitz/Pixel-Spacebase/commit/868f6be07806f43dbae93f18ad3094a8457ae95c,https://github.com/codefitz/Pixel-Spacebase/pull/5
e0d3b02672625c190aa88d06cd03d1d0bd9ebb1e,Fix tests by optimizing JSON streaming,"The commit focuses on optimizing JSON streaming and fixing array spacing, which suggests improving the performance of the code. The refactoring operations like splitting conditionals and changing attribute types support optimization efforts. Therefore, the primary motivation is addressing slow performance.",slow_performance,8,https://github.com/gitlabzz/xml-to-json-transformer-service/commit/e0d3b02672625c190aa88d06cd03d1d0bd9ebb1e,https://github.com/gitlabzz/xml-to-json-transformer-service/pull/37
13681e09001c0eb6ec771ee5710d462e7a867196,Enable caching for advisor list,"The commit introduces caching to improve performance when retrieving the advisor list, which directly addresses slow performance issues by reducing redundant data fetching.",slow_performance,8,https://github.com/lucasclx/tessera-academica/commit/13681e09001c0eb6ec771ee5710d462e7a867196,https://github.com/lucasclx/tessera-academica/pull/69
55461845e6d370d79c5167b537253a95c7e938f3,Optimize render state changes,"The commit focuses on optimizing render state changes in OpenGL programs, which typically relates to improving performance by reducing redundant or costly state changes. The extraction and movement of methods suggest a refactoring aimed at performance optimization rather than readability or maintainability alone.",slow_performance,8,https://github.com/rhum0ne/Worldcraft/commit/55461845e6d370d79c5167b537253a95c7e938f3,https://github.com/rhum0ne/Worldcraft/pull/34
dbea03d157106095867de3bd58687f68d80e44a6,Optimize dispatcher lookup,"The commit focuses on optimizing the dispatcher lookup, which suggests improving performance. The removal of a class annotation likely contributes to this optimization by simplifying or speeding up the lookup process, indicating a focus on performance enhancement.",slow_performance,7,https://github.com/ddumaa/tracking_system/commit/dbea03d157106095867de3bd58687f68d80e44a6,https://github.com/ddumaa/tracking_system/pull/669
62e812f6f516f3a588b97da3079e185e4931a1cc,Optimize settings persistence,"The commit focuses on optimizing the persistence of global settings by batching saves, which likely improves performance by reducing the frequency of save operations. The refactoring operations such as changing method access and renaming methods support this optimization. Therefore, the primary motivation is to address slow performance.",slow_performance,8,https://github.com/AsyncTI4/TI4_map_generator_bot/commit/62e812f6f516f3a588b97da3079e185e4931a1cc,https://github.com/AsyncTI4/TI4_map_generator_bot/pull/3326
bf5cbe6abbb27e740a76e98d004ee9686926a153,Enable parallel TM match search,"The commit introduces optional parallelism to the TM match search, which is primarily aimed at improving performance by enabling concurrent execution. The refactoring operations such as changing attribute types and merging conditionals support this optimization. Therefore, the primary motivation is to address slow performance.",slow_performance,8,https://github.com/klyok/omegat/commit/bf5cbe6abbb27e740a76e98d004ee9686926a153,https://github.com/klyok/omegat/pull/15
52e5e09f8b1f04b9cb0a26eadfe87a35c9b01e62,Instrument gRPC services with @Timed metrics,"The commit adds @Timed annotations to gRPC service methods to enable performance metrics collection, which primarily addresses performance monitoring and optimization rather than fixing logic, readability, or other code quality issues.",slow_performance,8,https://github.com/benhook1013/FireMUD/commit/52e5e09f8b1f04b9cb0a26eadfe87a35c9b01e62,https://github.com/benhook1013/FireMUD/pull/943
d060225866b917c86f7afbbdcfd9f39ac7777067,Optimize Database Query Performance,"The commit focuses on optimizing database query performance by introducing caching and improving batch operations, which directly addresses slow performance issues.",slow_performance,9,https://github.com/freedomcorp24/GhostProtocol/commit/d060225866b917c86f7afbbdcfd9f39ac7777067,https://github.com/freedomcorp24/GhostProtocol/pull/12
c7ba01b29aa90331a46f3aa14ff4504e41699ad2,Build performant react native audio library for musicians,"The commit focuses on building a performant audio library and includes refactoring by extracting variables, which typically improves code clarity and maintainability. However, the primary motivation appears to be improving performance for real-time audio processing, as indicated by the commit title and message.",slow_performance,8,https://github.com/angusryer/react-native-audio-cortex/commit/c7ba01b29aa90331a46f3aa14ff4504e41699ad2,https://github.com/angusryer/react-native-audio-cortex/pull/1
f87f7c8d43b97cb6d5f5e670db6387e47dc16b41,Add WebSocket subscription integration test,"The commit adds an integration test for WebSocket subscription, which improves the ability to test the code without requiring refactoring. The extract variable refactoring supports clearer test code but the primary motivation is enhancing testability.",testability,8,https://github.com/leultewolde/km-ingredients-service/commit/f87f7c8d43b97cb6d5f5e670db6387e47dc16b41,https://github.com/leultewolde/km-ingredients-service/pull/33
ba2c89a128aac2f7330c8dc42a28b9ed943f7290,Mock ObjectMapper in integration test,"The commit focuses on mocking ObjectMapper in an integration test, which is typically done to improve the testability of the code by isolating dependencies and making tests more reliable and easier to write.",testability,8,https://github.com/vivalahm/hhplus_3week_ticketing/commit/ba2c89a128aac2f7330c8dc42a28b9ed943f7290,https://github.com/vivalahm/hhplus_3week_ticketing/pull/20
354ae954f65e4b2be5e6e604f9bd38fe6bc43984,Fix integration test startup handling,"The commit addresses issues in integration test startup handling and skips a test on container failures, indicating improvements related to testing difficulties without refactoring the production code. The operations involve moving code and removing an attribute annotation, which likely simplifies or clarifies test setup or conditions, improving testability.",testability,8,https://github.com/benhook1013/FireMUD/commit/354ae954f65e4b2be5e6e604f9bd38fe6bc43984,https://github.com/benhook1013/FireMUD/pull/721
f3bc7546ede864a31500f931e917e989a44e7992,Add Range.matches coverage test,"The commit focuses on refining a test for range matching, which improves the test coverage and clarity by using a YAML configuration and simplifying the code with inline variables. This primarily enhances the testability of the code by making tests easier to write and maintain without changing the production code logic.",testability,8,https://github.com/lvivco/mdcfg/commit/f3bc7546ede864a31500f931e917e989a44e7992,https://github.com/lvivco/mdcfg/pull/89
05cfe4a843bcf6fc141c14ab15dec213cff3b76b,Add catalog integration tests,"The commit focuses on adding and expanding integration tests, which directly addresses the difficulty of testing code without refactoring. The changes involve test-related improvements rather than code logic or structure, indicating the primary motivation is to improve testability.",testability,8,https://github.com/thainguyen101b/ecommerce/commit/05cfe4a843bcf6fc141c14ab15dec213cff3b76b,https://github.com/thainguyen101b/ecommerce/pull/28
7a9469d71636d995d49ed32005eaef31da1c6c7d,Add unit tests and disable old skeleton tests,"The commit focuses on refining the test suite by adding unit tests and disabling old tests, which directly addresses improving the testability of the codebase.",testability,8,https://github.com/MicheleTomyslak/ChromeDinoHotseat/commit/7a9469d71636d995d49ed32005eaef31da1c6c7d,https://github.com/MicheleTomyslak/ChromeDinoHotseat/pull/7
8371aefeb23df40e388804f9b033d97928cbb691,Create functional test suite setup,"The commit focuses on adding comprehensive test scenarios and involves significant refactoring such as removing parameters and renaming methods, which suggests improving the testability of the code by making it easier to test without requiring further refactoring.",testability,8,https://github.com/disparter/tokugawa-discord-game-java/commit/8371aefeb23df40e388804f9b033d97928cbb691,https://github.com/disparter/tokugawa-discord-game-java/pull/5
94eb9f064087cf500e2a024522e1f568f5407ae1,Fix pricing URL and add test profiles,"The commit fixes a URL issue and adds test profiles, which suggests improving the ability to test the code. The addition of class annotations likely supports better test configuration or clarity, enhancing testability rather than addressing readability, duplication, or other categories.",testability,7,https://github.com/xshift007/karting_ms/commit/94eb9f064087cf500e2a024522e1f568f5407ae1,https://github.com/xshift007/karting_ms/pull/14
209eed129670df98ee19c5b744fdc65e87f8e856,Fix test cleanup,"The commit focuses on fixing test cleanup, which suggests improving the test environment or structure to ensure tests run correctly and cleanly. Adding class annotations likely helps in managing test lifecycle or configuration, which improves the testability of the code without changing production logic.",testability,7,https://github.com/a-i-ks/kistogramm/commit/209eed129670df98ee19c5b744fdc65e87f8e856,https://github.com/a-i-ks/kistogramm/pull/9
32a2dfa8556249fbfaf69b2467b85b86e629c9c7,Add unit tests and Maven config,"The commit focuses on adding unit tests and refactoring code by extracting and moving methods, changing variable types, and adjusting parameters, which improves the ability to test the code effectively without changing its behavior.",testability,8,https://github.com/helloworldhelloworld/demo/commit/32a2dfa8556249fbfaf69b2467b85b86e629c9c7,https://github.com/helloworldhelloworld/demo/pull/5
0e56ce64c0e4ac567e67def7544f83f20fe0edb7,"Add Spring dependencies, Swagger config, and design documentation","The commit addresses disabling a problematic test due to compatibility issues with Java 21, which indicates difficulty in testing the code without refactoring. The removal of a method annotation also suggests changes aimed at improving testability under new conditions.",testability,8,https://github.com/goldmansachsinnovationcenter/self-service-scheduler/commit/0e56ce64c0e4ac567e67def7544f83f20fe0edb7,https://github.com/goldmansachsinnovationcenter/self-service-scheduler/pull/5
