sha,title,reason,type,confidence,commit_url,pr_url,repo_id,repo_name,full_name,is_self_affirmed,label1,label2,conflict?,3rd label,Note,Final human label,ChatGPT label,conflict_betw_human_and_chatgpt
f9adbb5cef7c5590f425edbcba56fda78d60c01f,Refactor repeated logic into utilities,"The commit focuses on refactoring repeated logic into reusable utilities, which directly addresses duplicated code by unifying it into common methods and classes to avoid repetition.",duplication,9,https://github.com/anestistsio/QuizApp/commit/f9adbb5cef7c5590f425edbcba56fda78d60c01f,https://github.com/anestistsio/QuizApp/pull/14,639804832,anestistsio/QuizApp,anestistsio/QuizApp,TRUE,duplication,duplication,No,,,duplication,duplication,No
f88cce081c4a66dded2aa190e376fd3a9e52d736,Add bounds checks for array deserialisation,"The commit focuses on adding bounds checks and refactoring array handling to use element count instead of length, which improves the correctness and robustness of the code logic, addressing potential logical errors in array deserialization.",logical_mismatch,8,https://github.com/OpenHFT/Chronicle-Bytes/commit/f88cce081c4a66dded2aa190e376fd3a9e52d736,https://github.com/OpenHFT/Chronicle-Bytes/pull/687,31261671,OpenHFT/Chronicle-Bytes,OpenHFT/Chronicle-Bytes,TRUE,logical_mismatch,logical_mismatch,No,,Just rename,logical_mismatch,logical_mismatch,No
f2d933fc00211168f8af51f3e97ed35c604c98e3,13082-refactor-duplicate-query-logic-in-auditeventcontroller-config-option-methods,"The commit focuses on refactoring to remove duplicate query logic in audit event controller methods, indicating the primary motivation is to address code duplication by unifying repeated code segments.",duplication,9,https://github.com/hmislk/hmis/commit/f2d933fc00211168f8af51f3e97ed35c604c98e3,https://github.com/hmislk/hmis/pull/13085,21764480,hmislk/hmis,hmislk/hmis,TRUE,duplication,duplication,No,,,duplication,duplication,No
ed7e53fc4b916181437dfccd7db3c0bb0ab03967,Optimize JSON conversion in tool validation for runtime performance,"The commit focuses on enhancing performance justification and optimizing JSON conversion, indicating the primary motivation is to improve slow performance. The addition of test cases supports this by ensuring correctness while optimizing, but the main driver is performance enhancement.",slow_performance,8,https://github.com/callibrity/mocapi/commit/ed7e53fc4b916181437dfccd7db3c0bb0ab03967,https://github.com/callibrity/mocapi/pull/2,1016806619,callibrity/mocapi,callibrity/mocapi,TRUE,testability,testability,No,,,testability,slow_performance,Conflict
eb3c3db128de5952013e03fde6422c0ba3ac15b0,Replace backend RestTemplate call with ProcessBuilder,"The commit replaces a backend RestTemplate call with a ProcessBuilder to run a local Python process, indicating a change in the approach to reuse or repurpose existing code for integration with a local Python script rather than a remote call. This suggests the primary motivation is to improve repurposing or reuse of code rather than addressing readability, duplication, or other issues.",repurpose_reuse,8,https://github.com/vioai/testly/commit/eb3c3db128de5952013e03fde6422c0ba3ac15b0,https://github.com/vioai/testly/pull/20,999161450,vioai/testly,vioai/testly,TRUE,maintainability,maintainability,No,,,maintainability,repurpose_reuse,Conflict
e7d8f3819615219039e0945579e378abd5b46c67,Refactor integration tests to use WebTestClient,"The commit refactors integration tests to use a different testing client and removes a dependency on a keycloak container, which improves the test structure and likely makes the tests easier to run and maintain. This addresses difficulties in testing without refactoring, improving testability.",testability,8,https://github.com/metelskiwiktor/devaudit-backend/commit/e7d8f3819615219039e0945579e378abd5b46c67,https://github.com/metelskiwiktor/devaudit-backend/pull/5,967473389,metelskiwiktor/devaudit-backend,metelskiwiktor/devaudit-backend,TRUE,testability,testability,No,,,testability,testability,No
e45de01467c5b83e2f70c4b83ad85d3b3a4aa1fc,Unify search view layout,"The commit focuses on refactoring search views to share a common layout by extracting a superclass and pulling up attributes and methods, which reduces code duplication and improves maintainability. The primary motivation appears to be reducing duplication by unifying similar code structures.",duplication,8,https://github.com/licontera345/RentExpresGUI/commit/e45de01467c5b83e2f70c4b83ad85d3b3a4aa1fc,https://github.com/licontera345/RentExpresGUI/pull/22,1002896084,licontera345/RentExpresGUI,licontera345/RentExpresGUI,TRUE,duplication,duplication,No,,,duplication,duplication,No
e3ecc3cac6f0d1603ee1a9fe28d6ac2e54e11e7f,Implement app membership resource methods,"The commit focuses on fixing logging bugs and involves refactoring such as changing variable types, modifying annotations, and renaming variables, which suggests improving the structure to make debugging and diagnosis easier.",hard_to_debug,8,https://github.com/dabster2000/intranetservices/commit/e3ecc3cac6f0d1603ee1a9fe28d6ac2e54e11e7f,https://github.com/dabster2000/intranetservices/pull/18,603419391,dabster2000/intranetservices,dabster2000/intranetservices,TRUE,hard_to_debug,logical_mismatch,Conflict,logical_mismatch,Do I not need to look at the commit?,logical_mismatch,hard_to_debug,Conflict
dde7427045e0af21abc5be6268613d70bfd4cead,Add new move effects,"The commit adds new move effects and introduces a new parameter, which likely improves the ability to reuse or repurpose existing code by making it more flexible and extensible.",repurpose_reuse,7,https://github.com/lauri0/mesozoic-arena/commit/dde7427045e0af21abc5be6268613d70bfd4cead,https://github.com/lauri0/mesozoic-arena/pull/117,1017861753,lauri0/mesozoic-arena,lauri0/mesozoic-arena,TRUE,None,None,No,,,None,repurpose_reuse,Conflict
dbd9bff2f1ac1e11d975612b32e01a88316f6b53,Implement reusable copy methods,"The commit introduces reusable copy methods and refactors loaders, indicating an effort to improve code reuse and repurpose existing code components rather than addressing readability, duplication, or other issues.",repurpose_reuse,8,https://github.com/lauri0/mesozoic-arena/commit/dbd9bff2f1ac1e11d975612b32e01a88316f6b53,https://github.com/lauri0/mesozoic-arena/pull/67,1017861753,lauri0/mesozoic-arena,lauri0/mesozoic-arena,TRUE,repurpose_reuse,repurpose_reuse,No,,,repurpose_reuse,repurpose_reuse,No
daaf02ee135d63096800491cec100edd5e3903c5,Add transaction logging for purchases and star changes,"The commit involves refactoring related to transaction table management, including changing method access modifiers and renaming methods and parameters, which typically improves code structure and maintainability rather than addressing performance, duplication, or logical errors.",maintainability,8,https://github.com/AddstarMC/Swaparoo/commit/daaf02ee135d63096800491cec100edd5e3903c5,https://github.com/AddstarMC/Swaparoo/pull/3,928219404,AddstarMC/Swaparoo,AddstarMC/Swaparoo,TRUE,maintainability,maintainability,No,,,maintainability,maintainability,No
da9e7b18ccb19d460f63bf37212841e69c1e2746,[BOT] refactor(rename): update Background fields and methods,"The commit focuses on renaming fields and methods to deobfuscate the code, which primarily improves the understandability and clarity of the code, thus enhancing readability.",readability,8,https://github.com/Ddemon26/2006Scape/commit/da9e7b18ccb19d460f63bf37212841e69c1e2746,https://github.com/Ddemon26/2006Scape/pull/41,1009802329,Ddemon26/2006Scape,Ddemon26/2006Scape,TRUE,readability,readability,No,,,readability,readability,No
da0ee870a51b5b93ac0b00e2e51701af9fa82229,Migrate to Spring Boot project,"The commit involves migrating to a Spring Boot project and cleaning up code, which typically addresses modernization and improving the structure of older codebases. This aligns with working on legacy code that needs modernization.",legacy_code,8,https://github.com/Nanu-star/ChickenTest/commit/da0ee870a51b5b93ac0b00e2e51701af9fa82229,https://github.com/Nanu-star/ChickenTest/pull/2,344590131,Nanu-star/ChickenTest,Nanu-star/ChickenTest,TRUE,legacy_code,legacy_code,No,,,legacy_code,legacy_code,No
d941bcb233a68bdb0261ea590cff570181f7e6d9,Implement morale-based AI module for automation service,"The commit introduces a new morale-based AI module and updates documentation, which suggests an enhancement to the system's logic and behavior rather than addressing readability, duplication, or other code quality issues. The focus is on implementing new logic for AI behavior, which aligns with logical mismatch as the primary motivation category.",logical_mismatch,7,https://github.com/benhook1013/FireMUD/commit/d941bcb233a68bdb0261ea590cff570181f7e6d9,https://github.com/benhook1013/FireMUD/pull/675,958378478,benhook1013/FireMUD,benhook1013/FireMUD,TRUE,None,readability,Conflict,None,,None,logical_mismatch,Conflict
d85df394e8de713a398e1e33fc24b173f12ebe5d,Refactor TMDB service to be configurable,"The commit refactors the TMDB service to be configurable by adding parameters and extracting methods, which improves the ability to reuse and repurpose the service in different contexts without changing its core logic.",repurpose_reuse,8,https://github.com/accentureshark/melian/commit/d85df394e8de713a398e1e33fc24b173f12ebe5d,https://github.com/accentureshark/melian/pull/5,998168326,accentureshark/melian,accentureshark/melian,TRUE,dependency,maintainability,Conflict,repurpose_reuse,,repurpose_reuse,repurpose_reuse,No
d5b9733ee60f396a796c9cc4d5044af648d15e6b,Implement random daily challenge perks,"The commit introduces a new feature with randomized daily challenge perks and involves extracting and moving methods, which typically improves the structure and organization of the code, enhancing maintainability by making the codebase easier to manage and modify.",maintainability,8,https://github.com/harish-kunta/Cognify/commit/d5b9733ee60f396a796c9cc4d5044af648d15e6b,https://github.com/harish-kunta/Cognify/pull/141,994108101,harish-kunta/Cognify,harish-kunta/Cognify,TRUE,maintainability,maintainability,No,,,maintainability,maintainability,No
d3e7d87184e53a5a4ec9cbc39ca44970178bbd16,Move PartidaService into arena-real module,"The commit involves moving a service class to a different module, which typically addresses issues related to dependencies or modularization rather than fixing logic or improving readability directly. This suggests the primary motivation is to manage or reduce unwanted dependencies between modules.",dependency,8,https://github.com/Braindeiko01/Arena-Real/commit/d3e7d87184e53a5a4ec9cbc39ca44970178bbd16,https://github.com/Braindeiko01/Arena-Real/pull/273,1007977987,Braindeiko01/Arena-Real,Braindeiko01/Arena-Real,TRUE,dependency,dependency,No,,,dependency,dependency,No
d2de7ac5b9dbd8679694dbc95b0ebddf667dc834,Update CommandLineSWT list output,"The commit involves refactoring operations such as changing variable types, extracting variables, and renaming variables to improve the structure of the code that builds JSON output. These changes primarily enhance the clarity and understandability of the code, indicating an improvement in readability.",readability,8,https://github.com/cromoteca/bfts/commit/d2de7ac5b9dbd8679694dbc95b0ebddf667dc834,https://github.com/cromoteca/bfts/pull/8,162004840,cromoteca/bfts,cromoteca/bfts,TRUE,readability,readability,No,,,readability,readability,No
d247d5b597034aa6d9fa5d2b67e48afc58052ca3,Fix word search logic,"The commit refactors the word lookup logic to use a different method (DeepSeek), indicating that the previous logic was incorrect or inconsistent, leading to wrong behavior. The changes involve renaming and changing types, which supports fixing logical mismatches rather than other issues like readability or performance.",logical_mismatch,8,https://github.com/TaylorChyi/glancy-backend/commit/d247d5b597034aa6d9fa5d2b67e48afc58052ca3,https://github.com/TaylorChyi/glancy-backend/pull/16,968744344,TaylorChyi/glancy-backend,TaylorChyi/glancy-backend,TRUE,logical_mismatch,maintainability,Conflict,legacy_code,,legacy_code,logical_mismatch,Conflict
cde77202f28b89033356da34c90f41b6af59bbb8,Add dynamic form fragments,"The commit involves refactoring the validator to improve error checking and adding logging to aid in understanding the flow and diagnosing issues. These changes improve the structure and clarity of the code, making it easier to debug and trace problems.",hard_to_debug,8,https://github.com/paymentwall/android-gamepay-sdk-core-ui/commit/cde77202f28b89033356da34c90f41b6af59bbb8,https://github.com/paymentwall/android-gamepay-sdk-core-ui/pull/7,1024743069,paymentwall/android-gamepay-sdk-core-ui,paymentwall/android-gamepay-sdk-core-ui,TRUE,hard_to_debug,hard_to_debug,No,,,hard_to_debug,hard_to_debug,No
cc04ba81f443e495020f857e865d81987f7be275,Implement database-driven workflow module with role-based assignment and versioning,"The commit focuses on adding comprehensive tests, integrating a BDD framework, fixing transactional rollback behavior, and improving test coverage and integration tests. These changes primarily address difficulties in testing the code effectively without prior refactoring, improving testability.",testability,9,https://github.com/ksnatha/Tracker/commit/cc04ba81f443e495020f857e865d81987f7be275,https://github.com/ksnatha/Tracker/pull/1,1014598379,ksnatha/Tracker,ksnatha/Tracker,TRUE,testability,testability,No,,,testability,testability,No
c8f057ee41dbd9b9f75c7425ff3556dc76bde809,Fix typos across repository,"The commit focuses on fixing typos in configuration and comments, which improves the readability of the code by making it easier to understand and reducing confusion.",readability,9,https://github.com/mmoayyed/cas/commit/c8f057ee41dbd9b9f75c7425ff3556dc76bde809,https://github.com/mmoayyed/cas/pull/602,261339519,mmoayyed/cas,mmoayyed/cas,TRUE,readability,readability,No,,,readability,readability,No
bee10149921de2b72446e9ce8fdd8f3f1fd57195,Refactor JavaDeserializers,"The commit focuses on removing duplicate patterns by extracting methods and renaming variables, which directly addresses code duplication issues.",duplication,9,https://github.com/Magma-Foundation/Magma/commit/bee10149921de2b72446e9ce8fdd8f3f1fd57195,https://github.com/Magma-Foundation/Magma/pull/57,386808393,Magma-Foundation/Magma,Magma-Foundation/Magma,TRUE,duplication,duplication,No,,,duplication,duplication,No
bc906506988b0d492d923725b498516b9c653e57,Introduce layered architecture with application use case,"The commit moves a repository class to an infrastructure layer, indicating a restructuring to improve the codebase's organization and maintainability by separating concerns into layers.",maintainability,8,https://github.com/Expert-IA/auth.api/commit/bc906506988b0d492d923725b498516b9c653e57,https://github.com/Expert-IA/auth.api/pull/6,966422571,Expert-IA/auth.api,Expert-IA/auth.api,TRUE,maintainability,maintainability,No,,,maintainability,maintainability,No
bb679385b707ad0bb98e844bd980aa6441f0bdf7,Implement configurable messages,"The commit introduces a configurable message system, which likely improves the flexibility and reuse of message-related code. The use of inline variable refactoring suggests a focus on simplifying code for better reuse or repurposing rather than addressing readability, duplication, or other issues.",repurpose_reuse,7,https://github.com/IllusionCIS7/OpenCore/commit/bb679385b707ad0bb98e844bd980aa6441f0bdf7,https://github.com/IllusionCIS7/OpenCore/pull/35,997943827,IllusionCIS7/OpenCore,IllusionCIS7/OpenCore,TRUE,repurpose_reuse,repurpose_reuse,No,,,repurpose_reuse,repurpose_reuse,No
baaf40eceaa586b0fb77383b2f355fd028d19273,Fix user search actions,"The commit fixes duplicate actions in user search, indicating the primary motivation is to remove duplicated code and unify it for better structure and maintainability.",duplication,8,https://github.com/licontera345/RentExpresGUI/commit/baaf40eceaa586b0fb77383b2f355fd028d19273,https://github.com/licontera345/RentExpresGUI/pull/71,1002896084,licontera345/RentExpresGUI,licontera345/RentExpresGUI,TRUE,duplication,duplication,No,,,duplication,duplication,No
ba694501cefa50ac156976695dc581970c18a2fb,Update to modern Level API,"The commit involves refactoring to migrate interactions to a new API, which suggests modernization of old code to improve its structure and usage. This aligns with working on legacy code that needs modernization rather than other symptoms like readability or performance.",legacy_code,8,https://github.com/fabula-sk/Millenaire/commit/ba694501cefa50ac156976695dc581970c18a2fb,https://github.com/fabula-sk/Millenaire/pull/90,1017927516,fabula-sk/Millenaire,fabula-sk/Millenaire,TRUE,legacy_code,legacy_code,No,,,legacy_code,legacy_code,No
b816b5a98d4c32b892ba4a5ea0af545b02942480,Add MCP Resources support to Mocapi,"The commit fixes conditional logic and test method signatures, which indicates correcting inconsistent or incorrect logic that could lead to wrong behavior. The focus is on fixing logic rather than readability or performance.",logical_mismatch,8,https://github.com/callibrity/mocapi/commit/b816b5a98d4c32b892ba4a5ea0af545b02942480,https://github.com/callibrity/mocapi/pull/5,1016806619,callibrity/mocapi,callibrity/mocapi,TRUE,logical_mismatch,testability,Conflict,logical_mismatch,,logical_mismatch,logical_mismatch,No
b7b687394eb17272d264991d2d82d65936efb6b2,Codex/create GitHub repository with operaton examples,"The commit focuses on deduplicating template sources, which indicates the removal of duplicated code to unify and simplify the codebase. The main motivation is to reduce code duplication.",duplication,8,https://github.com/ArneDeutsch/operaton-examples/commit/b7b687394eb17272d264991d2d82d65936efb6b2,https://github.com/ArneDeutsch/operaton-examples/pull/3,1008176411,ArneDeutsch/operaton-examples,ArneDeutsch/operaton-examples,TRUE,duplication,duplication,No,,,duplication,duplication,No
b3f3989d737c04215fad6439eac2eb537a1d4bf3,Fix recipe pre-event duplication bug,"The commit fixes a duplication bug related to pre-event slots, and the refactoring includes extracting methods and inverting conditions, which suggests the primary motivation is to address duplicated code that caused the bug.",duplication,8,https://github.com/KAMKEEL/CustomNPC-Plus/commit/b3f3989d737c04215fad6439eac2eb537a1d4bf3,https://github.com/KAMKEEL/CustomNPC-Plus/pull/181,148662569,KAMKEEL/CustomNPC-Plus,KAMKEEL/CustomNPC-Plus,TRUE,logical_mismatch,logical_mismatch,No,,,logical_mismatch,duplication,Conflict
ac766edaa9d55e431724ef6dbb6e5603844cb968,Fix codebase issues,"The commit focuses on refactoring to improve logging, error handling, and configuration, which suggests the original code structure made debugging difficult. Enhancing logging and error handling directly addresses difficulties in troubleshooting and diagnosis, indicating the primary motivation is to reduce the difficulty of debugging.",hard_to_debug,8,https://github.com/karnam16/tuition_management/commit/ac766edaa9d55e431724ef6dbb6e5603844cb968,https://github.com/karnam16/tuition_management/pull/2,1026587954,karnam16/tuition_management,karnam16/tuition_management,TRUE,hard_to_debug,hard_to_debug,No,,,hard_to_debug,hard_to_debug,No
abbb4ac1dba2d9f939d44b7666575315a23e45df,Address review comments,"The commit focuses on refactoring config handling by extracting an attribute, which typically improves code structure and maintainability by making the code less fragile and easier to manage.",maintainability,8,https://github.com/Bruce1986/link-bubble/commit/abbb4ac1dba2d9f939d44b7666575315a23e45df,https://github.com/Bruce1986/link-bubble/pull/49,955428771,Bruce1986/link-bubble,Bruce1986/link-bubble,TRUE,readability,readability,No,,,readability,maintainability,Conflict
ab0974ded9af0012f6a8661b3e70c804156147c7,Migrate from ISBN-10 to ISBN-13 format,"The commit updates the ISBN validation logic and test data to support the newer ISBN-13 format instead of ISBN-10, which involves changing regex and checksum validation. This is primarily a modernization effort to handle a newer standard, indicating work on legacy code that needs updating.",legacy_code,9,https://github.com/alex-baker-cdm/library_demo/commit/ab0974ded9af0012f6a8661b3e70c804156147c7,https://github.com/alex-baker-cdm/library_demo/pull/12,1020350895,alex-baker-cdm/library_demo,alex-baker-cdm/library_demo,TRUE,legacy_code,legacy_code,No,,,legacy_code,legacy_code,No
a5e71cb8ef1d1e0cfe39db145d324667d3107ce5,Migrate from Java 11 to Java 17 with Spring Boot 3.2.11,"The commit involves upgrading the Java version and Spring Boot framework, refactoring code to comply with new APIs and standards, and updating dependencies to modern versions. This is primarily motivated by the need to modernize and maintain the codebase to current standards, which aligns with addressing legacy code issues.",legacy_code,9,https://github.com/milind-windsurf/spring-boot-realworld-example-app/commit/a5e71cb8ef1d1e0cfe39db145d324667d3107ce5,https://github.com/milind-windsurf/spring-boot-realworld-example-app/pull/3,1026928856,milind-windsurf/spring-boot-realworld-example-app,milind-windsurf/spring-boot-realworld-example-app,TRUE,legacy_code,legacy_code,No,,,legacy_code,legacy_code,No
a3e7d7429bf377a5f2117f306c3ac1a04f66ead7,Implement reminder template for Telegram,"The commit message indicates removal of a duplicate attribute, which suggests addressing duplicated code. The refactoring operations like replacing conditionals and splitting conditionals support improving code clarity and reducing duplication.",duplication,8,https://github.com/ddumaa/tracking_system/commit/a3e7d7429bf377a5f2117f306c3ac1a04f66ead7,https://github.com/ddumaa/tracking_system/pull/534,815677107,ddumaa/tracking_system,ddumaa/tracking_system,TRUE,duplication,duplication,No,,,duplication,duplication,No
a1e661969a2401aaf2cd8b7efd317f5a326503aa,Fix doctor update schedule and appointment doctor retrieval,"The commit fixes the logic related to schedule and doctor retrieval, indicating that the previous logic was incorrect or inconsistent, leading to wrong behavior. The extraction of a variable supports clarifying or correcting the logic rather than addressing readability or other issues.",logical_mismatch,8,https://github.com/JanboutHakim/ClinicManagment/commit/a1e661969a2401aaf2cd8b7efd317f5a326503aa,https://github.com/JanboutHakim/ClinicManagment/pull/1,993792330,JanboutHakim/ClinicManagment,JanboutHakim/ClinicManagment,TRUE,logical_mismatch,logical_mismatch,No,,,logical_mismatch,logical_mismatch,No
9f96a45da2e9bcbc6ae5e24e25a403215d4e7365,Switch postal stats to new service,"The commit involves refactoring by moving and renaming methods and attributes, which typically aims to improve the structure and maintainability of the code rather than addressing performance, duplication, or logical errors. Such changes suggest an effort to enhance the code's maintainability and reduce fragility.",maintainability,8,https://github.com/ddumaa/tracking_system/commit/9f96a45da2e9bcbc6ae5e24e25a403215d4e7365,https://github.com/ddumaa/tracking_system/pull/29,815677107,ddumaa/tracking_system,ddumaa/tracking_system,TRUE,maintainability,repurpose_reuse,Conflict,maintainability,,maintainability,maintainability,No
9e9b04b905be8338f4c4fec300e56144b8e4343a,Implement database-driven workflow module with role-based assignment and versioning,"The commit focuses on adding comprehensive tests, integrating a BDD framework, refactoring tests, and fixing test configurations to improve the testing process. These changes directly address difficulties in testing the code without refactoring, enhancing test coverage and reliability.",testability,9,https://github.com/ksnatha/Tracker/commit/9e9b04b905be8338f4c4fec300e56144b8e4343a,https://github.com/ksnatha/Tracker/pull/1,1014598379,ksnatha/Tracker,ksnatha/Tracker,TRUE,testability,testability,No,,,testability,testability,No
9d65bd5e88887e2b6758a6a53465102561a4dc54,Add event JSON import/export,"The commit adds JSON import/export functionality for events, which likely improves the ability to reuse and repurpose event data across different parts of the system or in different contexts. This enhancement primarily addresses repurposing and reusing existing code/data rather than fixing bugs, improving readability, or performance.",repurpose_reuse,7,https://github.com/scanalesespinoza/eventflow/commit/9d65bd5e88887e2b6758a6a53465102561a4dc54,https://github.com/scanalesespinoza/eventflow/pull/50,1020479532,scanalesespinoza/eventflow,scanalesespinoza/eventflow,TRUE,None,slow_performance,Conflict,None,add feature,None,repurpose_reuse,Conflict
9c6676878d565e315d53041bb7e92b5d5bf60834,Fix incoming transactions retrieval,"The commit fixes the logic for retrieving incoming transactions, indicating that the previous logic was incorrect or inconsistent, leading to wrong behavior. The change involves modifying annotations to correct this behavior, which aligns with addressing a logical mismatch.",logical_mismatch,8,https://github.com/abidiDev/CyBackend/commit/9c6676878d565e315d53041bb7e92b5d5bf60834,https://github.com/abidiDev/CyBackend/pull/1,816775675,abidiDev/CyBackend,abidiDev/CyBackend,TRUE,logical_mismatch,logical_mismatch,No,,,logical_mismatch,logical_mismatch,No
9c4cfd9ad230d30c8adfda83f471cd2e5de65ccd,Add Redis performance metrics,"The commit adds Redis performance metrics tracking, which is primarily aimed at monitoring and improving performance. The refactoring operation of extracting a variable suggests a minor code improvement but does not indicate changes related to readability, duplication, or other categories. The main motivation is to address performance monitoring, thus related to slow performance.",slow_performance,7,https://github.com/benhook1013/FireMUD/commit/9c4cfd9ad230d30c8adfda83f471cd2e5de65ccd,https://github.com/benhook1013/FireMUD/pull/852,958378478,benhook1013/FireMUD,benhook1013/FireMUD,TRUE,maintainability,testability,Conflict,legacy_code,,legacy_code,slow_performance,Conflict
9bd2ca56eb408c0c534f6c7db0474624ea237d6b,Handle tool_calls response from OpenAI,"The commit involves extracting a variable to improve the handling of tool_calls response, which likely clarifies the code and makes it easier to understand and maintain. This suggests the primary motivation is to improve readability.",readability,7,https://github.com/paulofor/marketing-hub/commit/9bd2ca56eb408c0c534f6c7db0474624ea237d6b,https://github.com/paulofor/marketing-hub/pull/78,1010682639,paulofor/marketing-hub,paulofor/marketing-hub,TRUE,None,None,No,,,None,readability,Conflict
9ac6764027279dbfafea4d91c495b79770518d93,Comprehensive Load Testing Implementation with 1 Million Records,"The commit removes pagination to enable load testing with a large dataset, which involves modifying code to handle a large volume of data without pagination. This change primarily addresses performance testing concerns rather than fixing logic, readability, or maintainability issues. The focus is on preparing the system for performance evaluation under heavy load, indicating a motivation related to slow performance.",slow_performance,8,https://github.com/ccoders01/devin-iris-rahul2/commit/9ac6764027279dbfafea4d91c495b79770518d93,https://github.com/ccoders01/devin-iris-rahul2/pull/10,1004859803,ccoders01/devin-iris-rahul2,ccoders01/devin-iris-rahul2,TRUE,slow_performance,slow_performance,No,,,slow_performance,slow_performance,No
9880077a7cd7396b85d9572ac6d22e8578a27770,Add OneDrive File Analyzer with Angular Frontend and Spring Boot Backend,"The commit introduces a new Python Whisper service and integrates it with the existing backend, adding new dependencies and configuration. This indicates the primary motivation is to handle new dependencies and integration points between modules.",dependency,8,https://github.com/rajib10682/lms-content-mgmt-service/commit/9880077a7cd7396b85d9572ac6d22e8578a27770,https://github.com/rajib10682/lms-content-mgmt-service/pull/1,1009725363,rajib10682/lms-content-mgmt-service,rajib10682/lms-content-mgmt-service,TRUE,dependency,hard_to_debug,Conflict,legacy_code,,legacy_code,dependency,Conflict
97a3eb50e6f6d101a251ddf54175ce6d128f12a9,Fix bot AI randomness and inventory sync,"The commit focuses on improving AI selection and inventory synchronization, which suggests addressing issues related to the logic of the bot's behavior and data consistency. This points to correcting or refining the logic to prevent incorrect or inconsistent behavior, aligning with logical mismatch.",logical_mismatch,7,https://github.com/Leznerr/mco2/commit/97a3eb50e6f6d101a251ddf54175ce6d128f12a9,https://github.com/Leznerr/mco2/pull/95,1025848178,Leznerr/mco2,Leznerr/mco2,TRUE,slow_performance,slow_performance,No,,,slow_performance,logical_mismatch,Conflict
95bc06bf931aef9c3869bbf1c1695bc9844e0e3f,Update Spring Boot to 3.4.5 and fix deprecation warnings,"The commit updates dependencies and replaces deprecated annotations to fix deprecation warnings, which is related to managing dependencies and avoiding unwanted or outdated dependencies.",dependency,8,https://github.com/rieckpil/testing-spring-boot-applications-masterclass/commit/95bc06bf931aef9c3869bbf1c1695bc9844e0e3f,https://github.com/rieckpil/testing-spring-boot-applications-masterclass/pull/464,266228023,rieckpil/testing-spring-boot-applications-masterclass,rieckpil/testing-spring-boot-applications-masterclass,TRUE,legacy_code,legacy_code,No,,,legacy_code,dependency,Conflict
93e865af70a38f5db2d0ff26544464dfc389bdf5,Fix Google signâ€‘in for older Android versions,"The commit addresses enabling Google sign-in functionality on older Android versions, which likely involves modifying or refactoring legacy code to support outdated platforms. The extraction of a method suggests restructuring to improve or modernize the codebase for compatibility.",legacy_code,8,https://github.com/harish-kunta/Cognify/commit/93e865af70a38f5db2d0ff26544464dfc389bdf5,https://github.com/harish-kunta/Cognify/pull/167,994108101,harish-kunta/Cognify,harish-kunta/Cognify,TRUE,legacy_code,maintainability,Conflict,legacy_code,,legacy_code,legacy_code,No
92e42adb1c811e1c341de6c95a7bae8740c44286,Fix reload and base command registration,"The commit fixes issues related to command registration and configuration reload, which likely addresses problems in the code's logical flow or behavior. The rename variable operation supports improving clarity but the main motivation appears to be correcting inconsistent or incorrect logic causing wrong behavior.",logical_mismatch,7,https://github.com/ImmortalMan01/minecraft-plugin/commit/92e42adb1c811e1c341de6c95a7bae8740c44286,https://github.com/ImmortalMan01/minecraft-plugin/pull/9,997654824,ImmortalMan01/minecraft-plugin,ImmortalMan01/minecraft-plugin,TRUE,logical_mismatch,logical_mismatch,No,,,logical_mismatch,logical_mismatch,No
8c518029fbf572d70b441855bf725a92b287519b,Add standalone backpack settings GUI,"The commit involves merging conditionals and renaming variables, which typically improves the clarity and understandability of the code, indicating an effort to enhance readability.",readability,8,https://github.com/davidstoegmueller/bettervanilla/commit/8c518029fbf572d70b441855bf725a92b287519b,https://github.com/davidstoegmueller/bettervanilla/pull/41,589546391,davidstoegmueller/bettervanilla,davidstoegmueller/bettervanilla,TRUE,logical_mismatch,maintainability,Conflict,logical_mismatch,,logical_mismatch,readability,Conflict
889a1981a0f412f74aa955304e2c72f9e1775696,Implement missing performance instrumentation,"The commit adds metrics and timing instrumentation to improve performance monitoring, which addresses slow performance issues by enabling better performance analysis and optimization.",slow_performance,8,https://github.com/benhook1013/FireMUD/commit/889a1981a0f412f74aa955304e2c72f9e1775696,https://github.com/benhook1013/FireMUD/pull/882,958378478,benhook1013/FireMUD,benhook1013/FireMUD,TRUE,slow_performance,slow_performance,No,,,slow_performance,slow_performance,No
87f7533712d8d32b2cb99ac2186eb80f4630f6aa,Modernize Java SDK to Java 23 with Gradle support,"The commit involves refactoring to modernize the codebase by updating to newer Java and library versions, which typically addresses issues related to old legacy code and modernization rather than fixing logic or performance issues.",legacy_code,8,https://github.com/corezoid/sdk-java/commit/87f7533712d8d32b2cb99ac2186eb80f4630f6aa,https://github.com/corezoid/sdk-java/pull/5,39876925,corezoid/sdk-java,corezoid/sdk-java,TRUE,legacy_code,legacy_code,No,,,legacy_code,legacy_code,No
87388aaeea29f413644fd044d9c5eaeb8f9fd13f,Troubleshoot local project startup error,"The commit addresses issues related to XML escaping and modifies method annotations to fix a startup error, indicating that the original code structure made troubleshooting difficult. The changes improve the ability to diagnose and resolve errors, which aligns with the 'hard_to_debug' symptom.",hard_to_debug,8,https://github.com/fulltimefarmer/minicms/commit/87388aaeea29f413644fd044d9c5eaeb8f9fd13f,https://github.com/fulltimefarmer/minicms/pull/19,1013220202,fulltimefarmer/minicms,fulltimefarmer/minicms,TRUE,hard_to_debug,logical_mismatch,Conflict,logical_mismatch,Not refactoring,logical_mismatch,hard_to_debug,Conflict
82900b9db14af72591385dfd5384021003e4fa52,Improve temp cleanup performance,"The commit focuses on improving the performance of temporary cleanup operations, indicating an optimization effort to address slow performance issues.",slow_performance,8,https://github.com/Stirling-Tools/Stirling-PDF/commit/82900b9db14af72591385dfd5384021003e4fa52,https://github.com/Stirling-Tools/Stirling-PDF/pull/3992,594155488,Stirling-Tools/Stirling-PDF,Stirling-Tools/Stirling-PDF,TRUE,slow_performance,slow_performance,No,,,slow_performance,slow_performance,No
7fd5a0310ba94ee2f10c4cbf3fabf3b1f2fda53e,Enhance Java compiler,"The commit introduces generics and slice features to the Java compiler, which likely involves modifying types to improve the code's flexibility and reusability. This suggests the primary motivation is to facilitate repurposing or reusing existing code more effectively.",repurpose_reuse,8,https://github.com/mochilang/mochi/commit/7fd5a0310ba94ee2f10c4cbf3fabf3b1f2fda53e,https://github.com/mochilang/mochi/pull/6582,985853139,mochilang/mochi,mochilang/mochi,TRUE,maintainability,slow_performance,Conflict,legacy_code,,legacy_code,repurpose_reuse,Conflict
7db35ac17fb09550cc88731b7ead05fb12ee06d7,Say hello,"The commit involves refactoring to use EntityManager for complex queries, which likely improves the maintainability of the code by making it more robust and easier to manage. The changes such as renaming variables and changing type declarations support better maintainability rather than addressing readability, duplication, or other issues.",maintainability,8,https://github.com/xieyuhui728/spring-framework/commit/7db35ac17fb09550cc88731b7ead05fb12ee06d7,https://github.com/xieyuhui728/spring-framework/pull/1,88968225,xieyuhui728/spring-framework,xieyuhui728/spring-framework,TRUE,dependency,dependency,No,,,dependency,maintainability,Conflict
7b6067ee45ea0e81e5be32ad1e7f9602a7b9bf2e,Add logging and metrics,"The commit adds logging and Prometheus metrics, which improves the ability to diagnose and troubleshoot issues by providing better observability and monitoring. This directly addresses difficulties in debugging and understanding runtime behavior.",hard_to_debug,8,https://github.com/kozlov-dmit/codex/commit/7b6067ee45ea0e81e5be32ad1e7f9602a7b9bf2e,https://github.com/kozlov-dmit/codex/pull/6,1004883698,kozlov-dmit/codex,kozlov-dmit/codex,TRUE,hard_to_debug,hard_to_debug,No,,,hard_to_debug,hard_to_debug,No
7af1d98a4838f1624d698823988e293e02e43106,Comprehensive test coverage improvements - 63.52% to 75% (+11.48%),"The commit focuses on cleaning up test files, removing problematic tests, and improving test coverage, which directly addresses difficulties in testing the code effectively without refactoring. The use of refactoring operations like extracting variables and adding exception assertions supports improving testability.",testability,8,https://github.com/lsportsltd/trade360-java-sdk/commit/7af1d98a4838f1624d698823988e293e02e43106,https://github.com/lsportsltd/trade360-java-sdk/pull/87,832571831,lsportsltd/trade360-java-sdk,lsportsltd/trade360-java-sdk,TRUE,testability,testability,No,,,testability,testability,No
774c1f65524fd753cebbcbe4216a5daca64907ee,Improve temp cleanup performance,"The commit focuses on optimizing the performance of temporary file cleanup and introduces asynchronous execution, indicating an effort to improve slow performance issues.",slow_performance,8,https://github.com/Stirling-Tools/Stirling-PDF/commit/774c1f65524fd753cebbcbe4216a5daca64907ee,https://github.com/Stirling-Tools/Stirling-PDF/pull/3992,594155488,Stirling-Tools/Stirling-PDF,Stirling-Tools/Stirling-PDF,TRUE,slow_performance,slow_performance,No,,,slow_performance,slow_performance,No
76ade1dd795a8c3af185884e088f891f20cdfdf5,Add global exception handler,"Adding a global exception handler and specifying thrown exception types improves the structure for handling errors, making the code easier to debug and diagnose issues by centralizing error management.",hard_to_debug,8,https://github.com/EmmanuelQuirozA/edupilot-backend/commit/76ade1dd795a8c3af185884e088f891f20cdfdf5,https://github.com/EmmanuelQuirozA/edupilot-backend/pull/1,1011593664,EmmanuelQuirozA/edupilot-backend,EmmanuelQuirozA/edupilot-backend,TRUE,hard_to_debug,hard_to_debug,No,,,hard_to_debug,hard_to_debug,No
73b316f0f9b85113d9293598214ed304269fea37,Add unified RequestDTO classes,"The commit consolidates multiple RequestDTO classes into a single unified class, which primarily addresses the issue of duplicated code by unifying similar structures into one, reducing redundancy.",duplication,9,https://github.com/benjyongzh/credit-card-bill-tracker/commit/73b316f0f9b85113d9293598214ed304269fea37,https://github.com/benjyongzh/credit-card-bill-tracker/pull/16,1001840943,benjyongzh/credit-card-bill-tracker,benjyongzh/credit-card-bill-tracker,TRUE,repurpose_reuse,repurpose_reuse,No,,,repurpose_reuse,duplication,Conflict
736421db60ae8b817fe0d8a46c7d05c06a6a1128,PDF Text Extraction Implementation,"The commit adds new functionality for PDF text extraction using Apache Tika, which likely introduces a new dependency on the Apache Tika library. This is a clear case of adding an external dependency to the project.",dependency,8,https://github.com/sakhamuri9/SELF-STUDY-BACKEND/commit/736421db60ae8b817fe0d8a46c7d05c06a6a1128,https://github.com/sakhamuri9/SELF-STUDY-BACKEND/pull/1,975713298,sakhamuri9/SELF-STUDY-BACKEND,sakhamuri9/SELF-STUDY-BACKEND,TRUE,None,slow_performance,Conflict,None,,None,dependency,Conflict
72fe3ac7060850cf59331cfef1b4bbb4f07e7ad1,Fix usuario view reload,"The commit focuses on fixing the user view reload and controller, which suggests addressing issues related to the structure or flow of the code that may make debugging or troubleshooting difficult. The refactoring operations like encapsulating attributes and modifying attribute modifiers support improving code structure for easier diagnosis.",hard_to_debug,7,https://github.com/licontera345/RentExpresGUI/commit/72fe3ac7060850cf59331cfef1b4bbb4f07e7ad1,https://github.com/licontera345/RentExpresGUI/pull/76,1002896084,licontera345/RentExpresGUI,licontera345/RentExpresGUI,TRUE,logical_mismatch,logical_mismatch,No,,,logical_mismatch,hard_to_debug,Conflict
72a1c8fbb164e7e7c0402d352f4cf0920f213319,[Fix] avoid duplicate search history,"The commit aims to fix the issue of duplicate search history entries, which indicates the presence of duplicated code or logic that leads to repeated data. The rename variable operation likely supports this fix by clarifying or correcting the code handling duplicates. Therefore, the primary motivation is to address duplication.",duplication,8,https://github.com/TaylorChyi/glancy-backend/commit/72a1c8fbb164e7e7c0402d352f4cf0920f213319,https://github.com/TaylorChyi/glancy-backend/pull/125,968744344,TaylorChyi/glancy-backend,TaylorChyi/glancy-backend,TRUE,duplication,duplication,No,,,duplication,duplication,No
70b76d478c51aca6625fc364179cfa009a0cb343,Replace outdated entity lifecycle hooks,"The commit replaces deprecated entity lifecycle hooks by renaming methods, which suggests modernization of old code to use current APIs and practices, indicating work on legacy code.",legacy_code,8,https://github.com/fabula-sk/Millenaire/commit/70b76d478c51aca6625fc364179cfa009a0cb343,https://github.com/fabula-sk/Millenaire/pull/96,1017927516,fabula-sk/Millenaire,fabula-sk/Millenaire,TRUE,legacy_code,legacy_code,No,,,legacy_code,legacy_code,No
6b4f9e84c9ea50efc84063ed4858ff3a23832af7,Fix message for Jacobian zero check,"The commit centralizes the Jacobian error message by extracting it into an attribute, which improves code maintainability by reducing duplication and making the code easier to manage and update.",maintainability,8,https://github.com/EvenSol/neqsim/commit/6b4f9e84c9ea50efc84063ed4858ff3a23832af7,https://github.com/EvenSol/neqsim/pull/18,1002928871,EvenSol/neqsim,EvenSol/neqsim,TRUE,maintainability,maintainability,No,,,maintainability,maintainability,No
60fe71fdb37e5c0e8644b049d5fb2ba96ae22951,Adding Logging,"The commit focuses on improving logging detail, which typically enhances the ability to diagnose and troubleshoot issues, indicating the primary motivation is to make debugging easier.",hard_to_debug,8,https://github.com/noxennn/LeaderboardREST/commit/60fe71fdb37e5c0e8644b049d5fb2ba96ae22951,https://github.com/noxennn/LeaderboardREST/pull/1,1009026772,noxennn/LeaderboardREST,noxennn/LeaderboardREST,TRUE,hard_to_debug,hard_to_debug,No,,,hard_to_debug,hard_to_debug,No
586e97b38a6e855f910397478f645b911522778e,Refactor AVM runtime stack,"The commit involves extensive renaming of variables, parameters, and attributes, as well as moving and modifying class access, which indicates an effort to improve the structure and clarity of the code. These changes primarily enhance the readability and maintainability of the codebase by making it easier to understand and work with, but since the focus is on renaming and refactoring rather than fixing logic or performance, maintainability is the most fitting category.",maintainability,8,https://github.com/MetricsHub/jawk/commit/586e97b38a6e855f910397478f645b911522778e,https://github.com/MetricsHub/jawk/pull/226,119057027,MetricsHub/jawk,MetricsHub/jawk,TRUE,maintainability,maintainability,No,,or repurpose,maintainability,maintainability,No
572f0b9d745666db048dd9fae6ac0a0e208c5132,Remove hardcoded movie and repo tooling,"The commit removes hardcoded tool logic, which typically improves the ability to reuse or repurpose the code by making it more flexible and less tied to specific implementations.",repurpose_reuse,8,https://github.com/accentureshark/mentor/commit/572f0b9d745666db048dd9fae6ac0a0e208c5132,https://github.com/accentureshark/mentor/pull/12,1023255970,accentureshark/mentor,accentureshark/mentor,TRUE,repurpose_reuse,repurpose_reuse,No,,,repurpose_reuse,repurpose_reuse,No
54913bb020b13107805723e1a194e82bdadc6953,Clean up legacy code and add todos,"The commit focuses on cleaning up legacy code by removing unused imports and improving logging, which indicates modernization and improving old code structure.",legacy_code,8,https://github.com/disparter/tokugawa-discord-game-java/commit/54913bb020b13107805723e1a194e82bdadc6953,https://github.com/disparter/tokugawa-discord-game-java/pull/1,1009211611,disparter/tokugawa-discord-game-java,disparter/tokugawa-discord-game-java,TRUE,legacy_code,legacy_code,No,,,legacy_code,legacy_code,No
52e5e09f8b1f04b9cb0a26eadfe87a35c9b01e62,Instrument gRPC services with @Timed metrics,"The commit adds @Timed annotations to gRPC service methods to enable performance metrics collection, which primarily addresses performance monitoring and optimization rather than fixing logic, readability, or other code quality issues.",slow_performance,8,https://github.com/benhook1013/FireMUD/commit/52e5e09f8b1f04b9cb0a26eadfe87a35c9b01e62,https://github.com/benhook1013/FireMUD/pull/943,958378478,benhook1013/FireMUD,benhook1013/FireMUD,TRUE,slow_performance,readability,Conflict,slow_performance,,slow_performance,slow_performance,No
4ea01106f0cf74663cf1dccecd94b4475e11794a,Add debug logging across services and controllers,"The commit adds debug logging across services and controllers, which improves the ability to troubleshoot and diagnose issues by providing better visibility into the system's behavior. This directly addresses difficulties in debugging.",hard_to_debug,8,https://github.com/Braindeiko01/CRduels/commit/4ea01106f0cf74663cf1dccecd94b4475e11794a,https://github.com/Braindeiko01/CRduels/pull/56,1003916358,Braindeiko01/CRduels,Braindeiko01/CRduels,TRUE,hard_to_debug,hard_to_debug,No,,,hard_to_debug,hard_to_debug,No
4dafd9640bc966527d5005a7cc8f8a7aa07886b8,Refactor integration tests to use WebTestClient,"The commit refactors integration tests to use WebTestClient, which likely improves the structure and clarity of the tests, making them easier to test and maintain. This addresses difficulties in testing the code without refactoring.",testability,8,https://github.com/metelskiwiktor/devaudit-backend/commit/4dafd9640bc966527d5005a7cc8f8a7aa07886b8,https://github.com/metelskiwiktor/devaudit-backend/pull/5,967473389,metelskiwiktor/devaudit-backend,metelskiwiktor/devaudit-backend,TRUE,testability,testability,No,,,testability,testability,No
49af6de3f8d09a64a694e31dd30a842b6364bc67,Add OpenTelemetry instrumentation to library management system,"The commit introduces OpenTelemetry instrumentation and dependencies, which adds new dependencies to the system and integrates tracing capabilities. This primarily relates to managing dependencies and their impact on the module.",dependency,8,https://github.com/alex-baker-cdm/library_demo/commit/49af6de3f8d09a64a694e31dd30a842b6364bc67,https://github.com/alex-baker-cdm/library_demo/pull/14,1020350895,alex-baker-cdm/library_demo,alex-baker-cdm/library_demo,TRUE,dependency,maintainability,Conflict,hard_to_debug,,hard_to_debug,dependency,Conflict
495b0d8eebc1631d04d4374551ca812838813c22,[BOT] refactor(rename): StreamLoader locals,"The commit focuses on renaming local variables and parameters to improve clarity, which primarily enhances the readability of the code by making it easier to understand.",readability,8,https://github.com/Ddemon26/2006Scape/commit/495b0d8eebc1631d04d4374551ca812838813c22,https://github.com/Ddemon26/2006Scape/pull/81,1009802329,Ddemon26/2006Scape,Ddemon26/2006Scape,TRUE,readability,readability,No,,,readability,readability,No
45a6b0e3c0aeb54b310a5f48699c12d7885cd3ca,Migrate from Java 11 to Java 17 with Spring Boot 3.3.2,"The commit involves upgrading the project to newer versions of Java and Spring Boot, updating dependencies, and refactoring code to be compatible with these newer versions. This modernization effort addresses legacy code issues by moving from older Java and Spring versions to current ones, including changes in imports and security configurations. Therefore, the primary motivation is to modernize and improve legacy code.",legacy_code,9,https://github.com/milind-windsurf/spring-boot-realworld-example-app/commit/45a6b0e3c0aeb54b310a5f48699c12d7885cd3ca,https://github.com/milind-windsurf/spring-boot-realworld-example-app/pull/8,1026928856,milind-windsurf/spring-boot-realworld-example-app,milind-windsurf/spring-boot-realworld-example-app,TRUE,legacy_code,legacy_code,No,,,legacy_code,legacy_code,No
4421e0049355669276f2ac1c0a37848964bcf113,Fix update endpoint to use path id,"The commit fixes the update endpoint to correctly use the path variable id, which addresses a logical inconsistency in the code's behavior.",logical_mismatch,8,https://github.com/soyvural/spring-data-dynamoDB/commit/4421e0049355669276f2ac1c0a37848964bcf113,https://github.com/soyvural/spring-data-dynamoDB/pull/2,459137667,soyvural/spring-data-dynamoDB,soyvural/spring-data-dynamoDB,TRUE,logical_mismatch,maintainability,Conflict,logical_mismatch,,logical_mismatch,logical_mismatch,No
43a9b1db2c513cf447bd9329051d2575b265ab34,Fix creative label loading and test isolation,"The commit addresses issues related to lazy loading and test cleanup, which suggests improving the isolation and reliability of tests. This points to difficulties in testing the code without proper refactoring or cleanup, indicating a testability concern.",testability,8,https://github.com/paulofor/marketing-hub/commit/43a9b1db2c513cf447bd9329051d2575b265ab34,https://github.com/paulofor/marketing-hub/pull/147,1010682639,paulofor/marketing-hub,paulofor/marketing-hub,TRUE,slow_performance,slow_performance,No,,,slow_performance,testability,Conflict
41191fff5785185eb986d807d88e0aa5adf273f2,[BOT] refactor(rename): clarify WorldController fields,"The commit focuses on renaming fields, methods, parameters, and variables to clarify their meaning, which improves the understandability of the code without changing its behavior. This directly addresses readability issues.",readability,9,https://github.com/Ddemon26/2006Scape/commit/41191fff5785185eb986d807d88e0aa5adf273f2,https://github.com/Ddemon26/2006Scape/pull/79,1009802329,Ddemon26/2006Scape,Ddemon26/2006Scape,TRUE,readability,readability,No,,,readability,readability,No
3fd1a6936240757086e22a67aef02c6f7f889a4e,Fix ACL and Query Hanging Issues in NemakiWare TCK Tests,"The commit addresses query hanging issues by adding timeout mechanisms and improving exception handling, which directly targets slow performance problems in the system.",slow_performance,9,https://github.com/aegif/NemakiWare/commit/3fd1a6936240757086e22a67aef02c6f7f889a4e,https://github.com/aegif/NemakiWare/pull/376,9932676,aegif/NemakiWare,aegif/NemakiWare,TRUE,slow_performance,slow_performance,No,,,slow_performance,slow_performance,No
3c67553a8ca0fa46159a71e42a80c6f9299eef32,Create functional test suite setup,"The commit focuses on refactoring the functional test suite setup by improving configuration and using Spring Boot and H2, which likely enhances the ease of testing without changing production code logic. This aligns with improving testability by making tests easier to write and maintain.",testability,8,https://github.com/disparter/tokugawa-discord-game-java/commit/3c67553a8ca0fa46159a71e42a80c6f9299eef32,https://github.com/disparter/tokugawa-discord-game-java/pull/5,1009211611,disparter/tokugawa-discord-game-java,disparter/tokugawa-discord-game-java,TRUE,testability,testability,No,,,testability,testability,No
38ba044343e098f7b0d9019cad71a3ffbdb42b3d,Fix save button export and add tests,"The commit fixes the export functionality related to the save button and adds unit tests, indicating an improvement in testability by making the code easier to test and verify.",testability,8,https://github.com/andbeder/BederTools/commit/38ba044343e098f7b0d9019cad71a3ffbdb42b3d,https://github.com/andbeder/BederTools/pull/7,963577206,andbeder/BederTools,andbeder/BederTools,TRUE,testability,testability,No,,,testability,testability,No
297239877666e6a39d41682834561e8d1e25e9af,[Refactor] Branch - adjust pagination return type,"The commit changes the return type of the branch pagination API to return a list, which likely improves the clarity and consistency of the API's output, enhancing code readability and understandability.",readability,8,https://github.com/minhsimple/OpenTalk-fork/commit/297239877666e6a39d41682834561e8d1e25e9af,https://github.com/minhsimple/OpenTalk-fork/pull/2,998327390,minhsimple/OpenTalk-fork,minhsimple/OpenTalk-fork,TRUE,maintainability,logical_mismatch,Conflict,slow_performance,"Technically speaking, this is not refactoring",slow_performance,readability,Conflict
28b77e25f8fc28e501d0cd3da0c345b04de6964a,Changes from background composer bc-5a5b8a08-b518-4667-9d35-5a863db241e6,"The commit enhances library management by adding support for SLF4J, LWJGL, and Log4j, which suggests addressing dependencies and improving modularity. The refactoring involves extracting a method, likely to better manage or isolate dependencies. Therefore, the primary motivation is to handle unwanted or complex dependencies more effectively.",dependency,8,https://github.com/turshugaming/cstom-repo/commit/28b77e25f8fc28e501d0cd3da0c345b04de6964a,https://github.com/turshugaming/cstom-repo/pull/2,1014239978,turshugaming/cstom-repo,turshugaming/cstom-repo,TRUE,dependency,slow_performance,Conflict,maintainability,,maintainability,dependency,Conflict
25630752bf0246e18917355588a452255ac78808,Refactor callbacks to avoid lambdas,"The commit refactors callbacks to avoid lambdas, which are not supported in Java 7, indicating a change to improve compatibility and maintainability of the codebase by removing modern constructs that hinder reuse or repurposing in older environments.",repurpose_reuse,8,https://github.com/licontera345/RentExpresGUI/commit/25630752bf0246e18917355588a452255ac78808,https://github.com/licontera345/RentExpresGUI/pull/81,1002896084,licontera345/RentExpresGUI,licontera345/RentExpresGUI,TRUE,repurpose_reuse,legacy_code,Conflict,legacy_code,,legacy_code,repurpose_reuse,Conflict
246d5a278ce6307b4fc3450051405a3be71941e2,Refactor GameEngine to accept dependencies,"The commit refactors the GameEngine to accept dependencies such as map and logic, which indicates an effort to improve the code's structure to better support dependency injection and modularity. This typically addresses issues related to unwanted dependencies and tight coupling between modules.",dependency,8,https://github.com/castrovroberto/octa-core/commit/246d5a278ce6307b4fc3450051405a3be71941e2,https://github.com/castrovroberto/octa-core/pull/1,1001953869,castrovroberto/octa-core,castrovroberto/octa-core,TRUE,dependency,dependency,No,,,dependency,dependency,No
1df12e06308ea13e9937ffed399fcf67ec74aab2,Fix command blocking after event end,"The commit fixes an issue where commands were blocked after an event ended, likely due to unclear or tangled logic. The use of extract variable refactoring suggests an effort to clarify and simplify the logic flow, making it easier to understand and debug the problem.",hard_to_debug,8,https://github.com/ImmortalMan01/RandomEvents/commit/1df12e06308ea13e9937ffed399fcf67ec74aab2,https://github.com/ImmortalMan01/RandomEvents/pull/140,999847142,ImmortalMan01/RandomEvents,ImmortalMan01/RandomEvents,TRUE,logical_mismatch,logical_mismatch,No,,,logical_mismatch,hard_to_debug,Conflict
1d9ae2aa47b8ac63db17c2da71b5c1b74967aaa8,[BOT] refactor(rename): ObjectManager â†’ clearer API,"The commit focuses on renaming attributes and methods to provide a clearer API, which primarily improves the readability of the code by making it easier to understand and use.",readability,8,https://github.com/Ddemon26/2006Scape/commit/1d9ae2aa47b8ac63db17c2da71b5c1b74967aaa8,https://github.com/Ddemon26/2006Scape/pull/52,1009802329,Ddemon26/2006Scape,Ddemon26/2006Scape,TRUE,readability,readability,No,,,readability,readability,No
1899616b3cdfb587d20695b7b5ed914463b60496,Implement audio streaming and analysis features,"The commit focuses on implementing new audio streaming and analysis features with attention to performance optimization, resource management, and comprehensive testing. There is no indication of fixing incorrect logic, removing duplication, or improving readability alone. The emphasis on efficient memory management, multi-threading, and minimal allocations suggests the primary motivation is to improve performance.",slow_performance,8,https://github.com/josiahbryan/capacitor-microphone/commit/1899616b3cdfb587d20695b7b5ed914463b60496,https://github.com/josiahbryan/capacitor-microphone/pull/1,1019100962,josiahbryan/capacitor-microphone,josiahbryan/capacitor-microphone,TRUE,maintainability,legacy_code,Conflict,None,Not refactoring,None,slow_performance,Conflict
16df91c70d7238de73ad07e3060f2432f22ec933,Remove unused parameters,Removing unused parameters improves code maintainability by eliminating unnecessary code elements that can cause confusion and increase the effort required to understand and modify the code.,maintainability,8,https://github.com/AsyncTI4/TI4_map_generator_bot/commit/16df91c70d7238de73ad07e3060f2432f22ec933,https://github.com/AsyncTI4/TI4_map_generator_bot/pull/3424,464393278,AsyncTI4/TI4_map_generator_bot,AsyncTI4/TI4_map_generator_bot,TRUE,maintainability,readability,Conflict,readability,,readability,maintainability,Conflict
1640e81371c4316bbcfa0fa6ec3d4a9f3c97c495,Changes from background composer bc-5a5b8a08-b518-4667-9d35-5a863db241e6,"The commit updates library dependencies and adds cross-platform native support, which suggests addressing issues related to unwanted dependencies and improving modularity. The refactoring operations like extracting and renaming variables support better dependency management rather than other symptoms like readability or performance.",dependency,8,https://github.com/turshugaming/cstom-repo/commit/1640e81371c4316bbcfa0fa6ec3d4a9f3c97c495,https://github.com/turshugaming/cstom-repo/pull/2,1014239978,turshugaming/cstom-repo,turshugaming/cstom-repo,TRUE,dependency,dependency,No,,,dependency,dependency,No
15db0d54aca81da33f6c222296f1702412653c95,Refactor dependency injection,"The commit focuses on refactoring the code to use constructor injection, which is a common practice to improve how dependencies are managed and injected. This change primarily addresses unwanted dependencies between modules by making dependencies explicit and easier to manage, thus improving the dependency structure of the code.",dependency,8,https://github.com/Edwseth/clemen-integra-inventario/commit/15db0d54aca81da33f6c222296f1702412653c95,https://github.com/Edwseth/clemen-integra-inventario/pull/9,975776640,Edwseth/clemen-integra-inventario,Edwseth/clemen-integra-inventario,TRUE,dependency,dependency,No,,,dependency,dependency,No
146c46ef030ddb90aa9e21f469abb20c4d566c8d,Build a hybrid automation framework,"The commit involves refactoring the framework to a hybrid architecture and enhancing testing capabilities, which suggests improving the structure to make testing easier without changing functionality. The renaming and parameter removal indicate efforts to improve code clarity and testability rather than fixing logic or performance issues.",testability,8,https://github.com/mythili-SDET/Sample-Framework/commit/146c46ef030ddb90aa9e21f469abb20c4d566c8d,https://github.com/mythili-SDET/Sample-Framework/pull/3,1016427604,mythili-SDET/Sample-Framework,mythili-SDET/Sample-Framework,TRUE,testability,testability,No,,,testability,testability,No
139f9f7755ffdaaeee0c31d1c4a5f2834d6804c4,Refactor channel config structure,"The commit involves refactoring the channel configuration structure and includes an extract variable operation, which typically improves code clarity and organization, enhancing readability.",readability,8,https://github.com/YusufTuran34/YouTubeAi/commit/139f9f7755ffdaaeee0c31d1c4a5f2834d6804c4,https://github.com/YusufTuran34/YouTubeAi/pull/12,1001105363,YusufTuran34/YouTubeAi,YusufTuran34/YouTubeAi,TRUE,None,maintainability,Conflict,maintainability,,maintainability,readability,Conflict
12c4585ed698c281d2db0876647ddf00149409ec,Introduce TrajectoryDataWriter abstraction,"The commit introduces an interface abstraction and refactors the file writer, which improves the ability to repurpose and reuse the code by decoupling implementation details and enabling different implementations to be used interchangeably.",repurpose_reuse,8,https://github.com/Bol-C14/PositionMe/commit/12c4585ed698c281d2db0876647ddf00149409ec,https://github.com/Bol-C14/PositionMe/pull/4,924725779,Bol-C14/PositionMe,Bol-C14/PositionMe,TRUE,repurpose_reuse,repurpose_reuse,No,,,repurpose_reuse,repurpose_reuse,No
1248afe23137fc85932405a05a4577d348817ff7,Improve CompactMap array operations with binary search,"The commit improves the CompactMap array operations by adding binary search support, which likely optimizes performance of array operations. The refactoring includes variable extraction and renaming, which supports code clarity but the primary motivation appears to be performance enhancement.",slow_performance,8,https://github.com/jdereg/java-util/commit/1248afe23137fc85932405a05a4577d348817ff7,https://github.com/jdereg/java-util/pull/127,12670630,jdereg/java-util,jdereg/java-util,TRUE,slow_performance,slow_performance,No,,,slow_performance,slow_performance,No
0af8c743dcd13846aeb39ee331945d358f8622aa,Refactor Firebase user repository,"The commit involves refactoring the UserRepository and constants by adding attribute modifiers, extracting methods, and renaming attributes, which primarily improves the maintainability of the code by making it cleaner and easier to manage.",maintainability,8,https://github.com/harish-kunta/Cognify/commit/0af8c743dcd13846aeb39ee331945d358f8622aa,https://github.com/harish-kunta/Cognify/pull/111,994108101,harish-kunta/Cognify,harish-kunta/Cognify,TRUE,maintainability,maintainability,No,,,maintainability,maintainability,No
0ad515a6e9fb5966ac2d0f4eea30697fd376f1eb,Add unit tests and improve exception handling,"The commit focuses on adding unit tests and improving exception handling by removing thrown exception types, which likely enhances the testability of the code by making it easier to write and maintain tests without dealing with complex exception hierarchies.",testability,8,https://github.com/paulomontori/springboot-event-processor/commit/0ad515a6e9fb5966ac2d0f4eea30697fd376f1eb,https://github.com/paulomontori/springboot-event-processor/pull/8,1022167455,paulomontori/springboot-event-processor,paulomontori/springboot-event-processor,TRUE,testability,testability,No,,,testability,testability,No
09859f67a468bad5c60ddba09a9d9c7402cfdd87,Fix item generator division by zero,"The commit addresses a division by zero error, which is a logical error causing incorrect behavior. The refactoring involved renaming a method, likely to improve clarity or correctness, but the primary motivation is to fix the logical mismatch causing the error.",logical_mismatch,8,https://github.com/Walrus94/DungeonPrototype/commit/09859f67a468bad5c60ddba09a9d9c7402cfdd87,https://github.com/Walrus94/DungeonPrototype/pull/128,785310725,Walrus94/DungeonPrototype,Walrus94/DungeonPrototype,TRUE,logical_mismatch,logical_mismatch,No,,,logical_mismatch,logical_mismatch,No
0963e8d016e70cbdbe8120f603688205dc14f5e5,Fix test dependencies by updating to Java 17 and manually implementing Lombok methods,"The commit primarily addresses and removes unwanted dependencies, specifically Lombok and problematic plugin repositories, to resolve test execution issues and ensure compatibility with Java 17. This indicates the main motivation is to fix dependency-related problems.",dependency,9,https://github.com/alex-baker-cdm/library_demo/commit/0963e8d016e70cbdbe8120f603688205dc14f5e5,https://github.com/alex-baker-cdm/library_demo/pull/3,1020350895,alex-baker-cdm/library_demo,alex-baker-cdm/library_demo,TRUE,dependency,dependency,No,,,dependency,dependency,No
0107412860cb1d8d4acaf099a0b212e42d9d2355,Add legacy simple mapping support,"The commit addresses support for legacy simple mappings, indicating work on old legacy code that needs to be maintained or modernized to support unsupported versions.",legacy_code,8,https://github.com/KAMKEEL/Chunkport/commit/0107412860cb1d8d4acaf099a0b212e42d9d2355,https://github.com/KAMKEEL/Chunkport/pull/16,916386623,KAMKEEL/Chunkport,KAMKEEL/Chunkport,TRUE,legacy_code,legacy_code,No,,,legacy_code,legacy_code,No